heure;latitude;longitude;magnitude;ville;type
2018-02-16T10:28:02.240000+00:00;45.452;5.935;2.0;Chambéry;None
2018-02-16T10:03:10.357000+00:00;85.217;95.875;4.6;Noril’sk;None
2018-02-16T09:22:33.961000+00:00;44.937;7.094;1.4;Pinerolo;None
2018-02-16T08:40:18.091000+00:00;-3.974;129.364;5.4;Ambon;None
2018-02-16T08:28:04.080000+00:00;47.18;7.183;1.3;Biel;quarry blast
2018-02-16T08:06:11.024000+00:00;44.873;7.018;1.0;Pinerolo;earthquake
2018-02-16T08:01:29.322000+00:00;-5.905;-80.729;4.6;Piura;None
2018-02-16T07:53:54.480000+00:00;44.876;7.029;1.3;Pinerolo;earthquake
2018-02-16T07:50:11.166000+00:00;44.871;7.039;2.3;Pinerolo;earthquake
2018-02-16T05:19:27.064000+00:00;43.041;-0.122;0.6;Tarbes;earthquake
2018-02-16T03:52:56.395000+00:00;43.555;6.643;1.4;Fréjus;earthquake
2018-02-16T02:28:54.734000+00:00;14.288;146.566;5.2;Saipan;None
2018-02-16T01:54:40.053000+00:00;15.625;-94.826;4.8;Salina Cruz;None
2018-02-16T01:36:12.732000+00:00;44.554;9.481;2.4;Borgo Val di Taro;earthquake
2018-02-16T01:00:25.269000+00:00;43.567;6.636;1.3;Fréjus;earthquake
2018-02-16T00:15:04.982000+00:00;43.567;6.64;1.8;Fréjus;earthquake
2018-02-16T00:00:09.025000+00:00;51.278;-176.741;5.1;Petropavlovsk-Kamchatskiy;None
2018-02-15T18:06:30.672000+00:00;46.168;7.526;1.7;Sion;earthquake
2018-02-15T13:31:48.809000+00:00;44.87;7.012;1.9;Pinerolo;earthquake
2018-02-15T13:30:57.087000+00:00;44.858;7.016;1.4;Pinerolo;earthquake
2018-02-15T12:25:47.719000+00:00;44.612;6.648;1.2;Gap;earthquake
2018-02-15T11:54:54.776000+00:00;44.378;6.821;1.3;Borgo San Dalmazzo;earthquake
2018-02-15T11:39:54.040000+00:00;-4.769;150.957;5.2;Lae;None
2018-02-15T11:20:41.014000+00:00;45.437;6.346;2.3;Saint-Jean-de-Maurienne;earthquake
2018-02-15T11:16:35.313000+00:00;43.712;6.947;1.9;Grasse;quarry blast
2018-02-15T11:01:15.394000+00:00;47.403;6.418;2.3;Montbéliard;quarry blast
2018-02-15T10:57:08.207000+00:00;42.94;0.161;2.2;Tarbes;earthquake
2018-02-15T10:39:31.741000+00:00;48.424;9.618;2.0;Ehingen;quarry blast
2018-02-15T10:35:33.012000+00:00;44.611;2.068;2.5;Aurillac;quarry blast
2018-02-15T10:17:25.313000+00:00;35.769;82.224;4.7;Aksu;None
2018-02-15T09:37:59.385000+00:00;45.642;4.317;2.3;Saint-Just-Saint-Rambert;quarry blast
2018-02-15T09:20:18.058000+00:00;45.76;5.421;2.2;Belley;quarry blast
2018-02-15T08:54:22.006000+00:00;45.425;6.341;2.7;Saint-Jean-de-Maurienne;earthquake
2018-02-15T08:27:23.066000+00:00;-0.065;-17.954;5.0;Monrovia;None
2018-02-15T08:19:43.540000+00:00;47.129;7.199;2.1;Biel;quarry blast
2018-02-15T08:12:57.002000+00:00;44.266;7.455;1.7;Cuneo;quarry blast
2018-02-15T08:08:56.138000+00:00;-3.168;148.378;5.2;Lae;None
2018-02-15T07:35:17.384000+00:00;44.862;7.02;1.4;Pinerolo;earthquake
2018-02-15T06:14:49.668000+00:00;44.367;7.276;1.0;Cuneo;earthquake
2018-02-14T23:58:55.265000+00:00;34.928;87.013;4.7;Aral;None
2018-02-14T23:44:04.252000+00:00;44.09;6.983;1.3;Vence;snow avalanche
2018-02-14T23:38:39.016000+00:00;45.951;6.081;1.6;Annecy;snow avalanche
2018-02-14T22:01:32.226000+00:00;44.39;6.834;1.5;Borgo San Dalmazzo;earthquake
2018-02-14T20:19:29.045000+00:00;43.897;7.88;1.5;San Remo;earthquake
2018-02-14T16:53:43.028000+00:00;44.295;7.212;0.7;Cuneo;earthquake
2018-02-14T15:34:35.076000+00:00;45.545;7.813;1.4;Ivrea;earthquake
2018-02-14T15:34:06.928000+00:00;48.684;9.911;2.2;Geislingen an der Steige;quarry blast
2018-02-14T14:59:46.955000+00:00;44.46;6.688;0.9;Gap;earthquake
2018-02-14T12:29:13.367000+00:00;48.163;8.805;2.0;Balingen;quarry blast
2018-02-14T12:10:57.996000+00:00;48.222;8.803;2.2;Balingen;quarry blast
2018-02-14T11:33:59.887000+00:00;44.75;6.619;1.1;Gap;earthquake
2018-02-14T11:31:37.522000+00:00;47.645;7.276;1.6;Mulhouse;quarry blast
2018-02-14T11:27:27.170000+00:00;46.382;4.582;2.3;Mâcon;quarry blast
2018-02-14T11:14:15.285000+00:00;48.582;8.174;1.4;Bühl;quarry blast
2018-02-14T11:04:02.456000+00:00;48.424;6.908;1.5;Saint-Dié-des-Vosges;quarry blast
2018-02-14T10:59:01.688000+00:00;45.319;4.592;2.2;Saint-Chamond;quarry blast
2018-02-14T10:40:11.553000+00:00;48.387;5.143;2.5;Saint-Dizier;quarry blast
2018-02-14T10:15:57.716000+00:00;42.759;2.832;1.2;Perpignan;quarry blast
2018-02-14T09:29:07.708000+00:00;42.375;0.651;3.0;Monzón;earthquake
2018-02-14T09:23:52.767000+00:00;42.43;0.633;2.0;Monzón;earthquake
2018-02-14T09:12:07.029000+00:00;43.133;5.956;1.8;Toulon;quarry blast
2018-02-14T09:00:22.518000+00:00;42.589;2.703;1.5;Ceret;quarry blast
2018-02-14T08:53:43.238000+00:00;42.402;0.633;2.7;Monzón;earthquake
2018-02-14T08:26:54.089000+00:00;42.394;0.627;4.2;Monzón;earthquake
2018-02-14T07:43:07.003000+00:00;45.233;6.667;1.4;Saint-Jean-de-Maurienne;earthquake
2018-02-14T07:30:08.749000+00:00;48.557;9.602;2.1;Laichingen;quarry blast
2018-02-14T07:14:00.174000+00:00;19.729;95.537;5.1;Nay Pyi Taw;None
2018-02-14T06:30:50.795000+00:00;44.442;6.747;1.0;Gap;earthquake
2018-02-14T06:28:25.291000+00:00;44.436;6.736;0.9;Gap;earthquake
2018-02-14T05:45:45.466000+00:00;43.003;0.509;1.4;Tarbes;quarry blast
2018-02-14T04:54:00.880000+00:00;42.493;1.091;1.5;Andorra la Vella;earthquake
2018-02-14T03:59:15.849000+00:00;42.703;-2.224;2.6;Logroño;quarry blast
2018-02-14T03:12:58.783000+00:00;42.413;0.641;1.8;Monzón;earthquake
2018-02-14T02:56:25.403000+00:00;44.033;7.237;1.0;Carros;earthquake
2018-02-14T01:42:02.881000+00:00;45.426;6.329;1.8;Saint-Jean-de-Maurienne;earthquake
2018-02-14T00:05:30.380000+00:00;-5.981;133.757;5.7;Ambon;None
2018-02-13T23:10:29.725000+00:00;44.741;6.607;0.8;Gap;earthquake
2018-02-13T20:14:56.137000+00:00;42.843;-0.173;1.3;Lourdes;earthquake
2018-02-13T16:23:54.470000+00:00;45.436;6.367;1.4;Saint-Jean-de-Maurienne;earthquake
2018-02-13T15:59:38.558000+00:00;46.669;5.596;2.2;Lons-le-Saunier;quarry blast
2018-02-13T15:53:05.169000+00:00;47.523;6.564;1.9;Montbéliard;quarry blast
2018-02-13T15:39:30.270000+00:00;48.466;8.74;2.1;Horb am Neckar;quarry blast
2018-02-13T14:58:03.466000+00:00;46.224;6.975;2.1;Monthey;quarry blast
2018-02-13T14:21:21.035000+00:00;44.772;7.378;1.8;Pinerolo;earthquake
2018-02-13T14:07:14.818000+00:00;20.67;144.659;4.9;Saipan;None
2018-02-13T14:06:10.054000+00:00;41.489;1.764;2.5;Martorell;quarry blast
2018-02-13T12:22:39.096000+00:00;44.513;7.129;1.9;Busca;earthquake
2018-02-13T12:17:58.245000+00:00;48.735;8.873;2.2;Calw;quarry blast
2018-02-13T11:59:00.400000+00:00;44.688;4.659;2.5;Montélimar;quarry blast
2018-02-13T11:52:02.049000+00:00;48.122;7.527;2.0;Colmar;earthquake
2018-02-13T11:31:37.284000+00:00;44.966;3.95;2.3;Le Puy-en-Velay;quarry blast
2018-02-13T11:01:57.659000+00:00;48.452;6.852;2.0;Saint-Dié-des-Vosges;quarry blast
2018-02-13T10:51:10.238000+00:00;44.433;3.185;2.4;Rodez;quarry blast
2018-02-13T10:05:42.426000+00:00;44.394;7.425;1.6;Cuneo;quarry blast
2018-02-13T07:42:04.498000+00:00;48.412;9.185;2.0;Reutlingen;quarry blast
2018-02-13T05:09:37.155000+00:00;48.408;8.689;1.2;Horb am Neckar;quarry blast
2018-02-13T02:39:45.620000+00:00;12.183;93.231;5.6;Rangoon;None
2018-02-13T02:31:09.313000+00:00;13.816;146.338;5.3;Saipan;None
2018-02-13T02:03:05.758000+00:00;13.905;146.291;5.5;Saipan;None
2018-02-13T01:11:44.072000+00:00;14.055;146.258;5.3;Saipan;None
2018-02-12T23:46:40.047000+00:00;45.425;6.308;1.8;Saint-Jean-de-Maurienne;earthquake
2018-02-12T22:31:03.505000+00:00;45.446;6.267;1.7;Saint-Jean-de-Maurienne;earthquake
2018-02-12T21:55:57.971000+00:00;45.434;6.326;1.5;Saint-Jean-de-Maurienne;earthquake
2018-02-12T20:32:26.202000+00:00;47.639;8.244;1.4;Waldshut-Tiengen;earthquake
2018-02-12T19:07:46.386000+00:00;44.434;7.144;1.2;Cuneo;earthquake
2018-02-12T17:59:27.793000+00:00;43.028;-0.191;1.4;Lourdes;earthquake
2018-02-12T13:27:53.587000+00:00;44.876;7.014;1.5;Pinerolo;earthquake
2018-02-12T12:38:39.789000+00:00;48.709;8.879;2.0;Sindelfingen;quarry blast
2018-02-12T10:34:14.254000+00:00;48.394;8.664;2.0;Horb am Neckar;quarry blast
2018-02-12T10:31:03.767000+00:00;46.105;3.52;2.3;Vichy;quarry blast
2018-02-12T10:04:53.246000+00:00;43.803;7.646;1.9;San Remo;quarry blast
2018-02-12T09:55:17.774000+00:00;45.431;6.307;1.9;Saint-Jean-de-Maurienne;earthquake
2018-02-12T09:39:11.014000+00:00;45.423;6.318;1.7;Saint-Jean-de-Maurienne;earthquake
2018-02-12T08:55:56.453000+00:00;48.422;9.274;2.0;Reutlingen;quarry blast
2018-02-12T08:51:07.868000+00:00;42.65;0.577;1.6;Lourdes;earthquake
2018-02-12T08:14:57.244000+00:00;45.442;6.302;1.9;Saint-Jean-de-Maurienne;earthquake
2018-02-12T08:05:12.825000+00:00;48.506;9.486;2.0;Münsingen;quarry blast
2018-02-12T05:45:48.923000+00:00;45.436;6.325;1.9;Saint-Jean-de-Maurienne;earthquake
2018-02-12T05:22:44.868000+00:00;44.446;6.676;0.9;Gap;earthquake
2018-02-12T05:03:31.131000+00:00;45.4;5.985;2.1;Crolles;earthquake
2018-02-12T04:55:13.666000+00:00;44.696;9.304;2.0;Solaro;earthquake
2018-02-12T03:32:03.274000+00:00;45.432;6.331;2.3;Saint-Jean-de-Maurienne;earthquake
2018-02-12T03:08:31.430000+00:00;46.63;-0.632;4.7;Bressuire;earthquake
2018-02-12T03:07:12.604000+00:00;44.74;6.611;1.6;Gap;earthquake
2018-02-12T03:06:40.744000+00:00;44.742;6.63;2.0;Gap;earthquake
2018-02-12T03:06:02.230000+00:00;44.742;6.613;1.2;Gap;earthquake
2018-02-12T02:48:28.326000+00:00;-3.809;143.579;4.9;Jayapura;None
2018-02-12T02:37:19.410000+00:00;45.442;6.299;1.8;Saint-Jean-de-Maurienne;earthquake
2018-02-12T02:19:48.367000+00:00;44.739;6.612;1.3;Gap;earthquake
2018-02-12T02:11:19.071000+00:00;46.145;7.511;1.7;Sion;earthquake
2018-02-12T01:27:43.257000+00:00;45.427;6.319;1.8;Saint-Jean-de-Maurienne;earthquake
2018-02-12T00:52:34.332000+00:00;6.266;133.701;5.0;Manokwari;None
2018-02-11T23:19:03.770000+00:00;44.575;6.767;0.9;Briançon;earthquake
2018-02-11T23:14:14.936000+00:00;13.835;146.371;6.0;Saipan;None
2018-02-11T22:18:14.700000+00:00;44.74;6.614;1.0;Gap;earthquake
2018-02-11T22:13:24.328000+00:00;44.745;6.614;1.2;Gap;earthquake
2018-02-11T20:49:15.396000+00:00;46.149;7.502;2.4;Sion;earthquake
2018-02-11T20:49:01.386000+00:00;46.147;7.477;2.0;Sion;earthquake
2018-02-11T20:40:13.077000+00:00;42.019;2.044;2.2;Vic;earthquake
2018-02-11T19:12:57.744000+00:00;44.413;7.32;1.2;Cuneo;earthquake
2018-02-11T18:04:27.347000+00:00;46.317;7.53;1.8;Sion;earthquake
2018-02-11T18:01:18.177000+00:00;46.326;7.525;1.7;Sion;earthquake
2018-02-11T17:27:59.141000+00:00;45.418;6.326;1.8;Saint-Jean-de-Maurienne;earthquake
2018-02-11T17:13:09.235000+00:00;45.861;7.017;1.7;Aosta;earthquake
2018-02-11T17:11:38.767000+00:00;44.741;6.619;0.4;Gap;quarry blast
2018-02-11T16:38:57.022000+00:00;45.425;6.313;1.8;Saint-Jean-de-Maurienne;earthquake
2018-02-11T16:30:37.851000+00:00;44.461;6.682;1.0;Gap;earthquake
2018-02-11T16:14:19.269000+00:00;45.343;6.683;0.8;Saint-Jean-de-Maurienne;earthquake
2018-02-11T15:29:32.175000+00:00;45.437;6.336;1.7;Saint-Jean-de-Maurienne;earthquake
2018-02-11T11:23:57.008000+00:00;42.852;-1.508;1.3;Pamplona;quarry blast
2018-02-11T09:11:16.267000+00:00;44.361;3.368;1.7;Millau;quarry blast
2018-02-11T08:43:39.002000+00:00;45.43;6.332;1.9;Saint-Jean-de-Maurienne;earthquake
2018-02-11T07:31:07.069000+00:00;32.747;140.518;5.1;Yokosuka;None
2018-02-11T07:05:09.215000+00:00;1.317;128.888;5.4;Manado;None
2018-02-11T05:33:09.850000+00:00;42.827;-1.501;1.7;Pamplona;earthquake
2018-02-11T05:22:40.395000+00:00;42.847;-1.499;1.3;Pamplona;quarry blast
2018-02-11T04:51:28.133000+00:00;44.473;6.626;0.9;Gap;earthquake
2018-02-11T04:45:35.633000+00:00;44.613;6.633;0.4;Gap;earthquake
2018-02-11T04:11:11.164000+00:00;-16.492;-74.002;5.4;Mollendo;None
2018-02-11T02:27:20.157000+00:00;45.425;6.341;1.9;Saint-Jean-de-Maurienne;earthquake
2018-02-11T01:22:40.154000+00:00;49.074;8.241;1.3;Rheinstetten;induced or triggered event
2018-02-11T00:48:25.972000+00:00;46.259;7.215;1.5;Sion;earthquake
2018-02-11T00:22:50.066000+00:00;44.59;6.818;1.4;Briançon;earthquake
2018-02-10T23:51:34.387000+00:00;45.427;6.333;1.9;Saint-Jean-de-Maurienne;earthquake
2018-02-10T20:29:09.580000+00:00;45.422;6.365;2.1;Saint-Jean-de-Maurienne;earthquake
2018-02-10T20:03:05.909000+00:00;36.141;129.193;5.0;Daegu;None
2018-02-10T18:59:10.276000+00:00;45.421;6.349;1.3;Saint-Jean-de-Maurienne;earthquake
2018-02-10T18:13:39.456000+00:00;48.047;8.004;1.4;Freiburg;earthquake
2018-02-10T17:05:36.404000+00:00;45.433;6.307;1.8;Saint-Jean-de-Maurienne;earthquake
2018-02-10T16:00:07.827000+00:00;46.558;155.442;4.7;Petropavlovsk-Kamchatskiy;None
2018-02-10T12:44:38.056000+00:00;48.321;8.909;2.4;Albstadt;earthquake
2018-02-10T11:57:25.550000+00:00;47.105;10.009;2.4;Feldkirch;earthquake
2018-02-10T06:54:16.026000+00:00;42.945;0.245;1.6;Tarbes;earthquake
2018-02-10T06:40:48.254000+00:00;44.555;5.02;1.7;Montélimar;earthquake
2018-02-10T05:45:54.939000+00:00;43.016;-0.119;1.2;Tarbes;earthquake
2018-02-10T03:29:36.196000+00:00;45.43;6.287;1.6;Saint-Jean-de-Maurienne;earthquake
2018-02-10T03:27:03.111000+00:00;45.438;6.293;1.5;Saint-Jean-de-Maurienne;earthquake
2018-02-10T03:04:02.718000+00:00;41.817;3.019;2.4;Girona;earthquake
2018-02-10T01:55:49.332000+00:00;44.572;6.779;0.7;Briançon;earthquake
2018-02-10T01:38:16.817000+00:00;45.453;6.28;1.5;Saint-Jean-de-Maurienne;earthquake
2018-02-10T01:36:41.980000+00:00;45.44;6.308;1.5;Saint-Jean-de-Maurienne;earthquake
2018-02-10T00:39:48.528000+00:00;45.441;6.314;1.6;Saint-Jean-de-Maurienne;earthquake
2018-02-10T00:31:55.887000+00:00;44.516;6.614;0.7;Gap;earthquake
2018-02-10T00:18:36.430000+00:00;45.448;6.276;1.7;Saint-Jean-de-Maurienne;earthquake
2018-02-10T00:18:18.254000+00:00;44.821;7.638;2.0;Carmagnola;earthquake
2018-02-09T22:23:59.639000+00:00;45.409;6.365;1.8;Saint-Jean-de-Maurienne;earthquake
2018-02-09T22:23:39.333000+00:00;44.752;6.707;1.0;Briançon;earthquake
2018-02-09T22:10:30.412000+00:00;44.584;7.445;1.0;Savigliano;earthquake
2018-02-09T19:55:11.168000+00:00;51.58;177.218;5.3;Petropavlovsk-Kamchatskiy;None
2018-02-09T17:43:33.077000+00:00;18.635;-61.942;5.4;Les Abymes;None
2018-02-09T16:50:10.486000+00:00;18.495;-65.055;4.7;Fajardo;None
2018-02-09T16:06:31.547000+00:00;48.773;10.153;2.3;Aalen;quarry blast
2018-02-09T15:38:49.866000+00:00;44.433;6.96;0.6;Borgo San Dalmazzo;earthquake
2018-02-09T14:58:08.818000+00:00;22.169;100.9;4.7;Kaiyuan;None
2018-02-09T14:12:27.017000+00:00;48.698;9.891;2.3;Schwäbisch Gmünd;quarry blast
2018-02-09T13:00:40.016000+00:00;48.087;7.798;1.8;Emmendingen;quarry blast
2018-02-09T12:39:16.873000+00:00;-21.04;-70.637;4.7;Antofagasta;None
2018-02-09T12:09:08.124000+00:00;47.238;7.547;2.1;Solothurn;quarry blast
2018-02-09T12:03:40.163000+00:00;45.707;4.488;2.2;Mornant;quarry blast
2018-02-09T10:48:59.893000+00:00;48.435;6.899;1.9;Saint-Dié-des-Vosges;quarry blast
2018-02-09T10:44:00.013000+00:00;49.227;7.989;2.0;Landau in der Pfalz;quarry blast
2018-02-09T10:38:23.876000+00:00;46.171;5.258;2.2;Bourg-en-Bresse;quarry blast
2018-02-09T10:34:47.455000+00:00;42.988;3.165;2.1;Narbonne;quarry blast
2018-02-09T10:33:02.623000+00:00;45.709;4.501;2.3;Mornant;quarry blast
2018-02-09T09:00:10.735000+00:00;45.805;5.357;1.5;Ambérieu-en-Bugey;quarry blast
2018-02-09T08:52:31.076000+00:00;48.57;8.174;2.0;Bühl;quarry blast
2018-02-09T08:29:59.525000+00:00;44.56;4.629;1.4;Montélimar;quarry blast
2018-02-09T08:12:32.584000+00:00;44.286;7.442;1.3;Cuneo;earthquake
2018-02-09T06:48:04.461000+00:00;47.099;8.961;2.1;Schübelbach;earthquake
2018-02-09T05:04:57.271000+00:00;45.877;7.026;1.4;Aosta;earthquake
2018-02-08T23:18:47.671000+00:00;43.077;-1.523;1.3;Pamplona;earthquake
2018-02-08T23:02:14.084000+00:00;40.669;-1.097;2.8;Teruel;earthquake
2018-02-08T22:15:54.539000+00:00;45.73;3.062;2.2;Clermont-Ferrand;earthquake
2018-02-08T22:05:49.088000+00:00;44.447;6.658;0.6;Gap;earthquake
2018-02-08T21:54:32.838000+00:00;43.114;-1.065;0.8;Oloron-Sainte-Marie;earthquake
2018-02-08T21:19:27.807000+00:00;-37.388;-73.706;5.2;Talcahuano;None
2018-02-08T20:58:50.340000+00:00;32.963;93.565;4.6;Dibrugarh;None
2018-02-08T19:07:42.538000+00:00;44.483;6.726;1.8;Gap;earthquake
2018-02-08T19:06:29.318000+00:00;44.485;6.721;1.9;Gap;earthquake
2018-02-08T18:47:10.499000+00:00;45.874;7.028;1.6;Aosta;earthquake
2018-02-08T18:33:35.149000+00:00;-5.539;153.391;4.9;Port Moresby;None
2018-02-08T17:53:33.973000+00:00;44.734;6.613;0.5;Gap;earthquake
2018-02-08T16:08:49.820000+00:00;43.162;6.755;2.3;Fréjus;explosion
2018-02-08T16:02:31.620000+00:00;46.936;6.278;1.9;Pontarlier;quarry blast
2018-02-08T15:45:35.855000+00:00;47.559;6.008;2.2;Besançon;quarry blast
2018-02-08T14:11:58.249000+00:00;43.214;6.728;2.7;Fréjus;explosion
2018-02-08T13:22:35.543000+00:00;45.415;6.366;1.4;Saint-Jean-de-Maurienne;earthquake
2018-02-08T13:11:22.368000+00:00;47.684;8.329;1.7;Waldshut-Tiengen;quarry blast
2018-02-08T12:15:48.207000+00:00;47.012;7.565;2.1;Burgdorf;quarry blast
2018-02-08T11:45:27.256000+00:00;48.362;9.809;2.0;Ulm;quarry blast
2018-02-08T11:32:03.021000+00:00;44.61;6.829;1.6;Briançon;earthquake
2018-02-08T11:24:30.876000+00:00;45.891;4.627;2.3;Villefranche-sur-Saône;quarry blast
2018-02-08T11:15:45.141000+00:00;46.138;3.513;2.4;Vichy;quarry blast
2018-02-08T11:12:43.805000+00:00;48.494;7.21;1.7;Obernai;quarry blast
2018-02-08T11:03:15.618000+00:00;48.484;8.743;1.7;Rottenburg;quarry blast
2018-02-08T11:01:59.431000+00:00;45.869;4.666;2.2;Dardilly;quarry blast
2018-02-08T09:52:53.183000+00:00;5.153;96.101;4.9;Banda Aceh;None
2018-02-08T09:20:15.878000+00:00;45.645;4.312;2.1;Saint-Just-Saint-Rambert;quarry blast
2018-02-08T09:18:24.359000+00:00;44.444;6.653;0.8;Gap;earthquake
2018-02-08T09:15:20.394000+00:00;45.867;5.333;1.8;Ambérieu-en-Bugey;quarry blast
2018-02-08T09:15:18.026000+00:00;45.729;3.942;2.3;Montbrison;quarry blast
2018-02-08T08:55:54.689000+00:00;45.813;5.391;2.0;Ambérieu-en-Bugey;quarry blast
2018-02-08T08:50:48.638000+00:00;48.174;8.886;2.0;Albstadt;quarry blast
2018-02-08T08:15:51.245000+00:00;48.499;9.923;1.9;Ulm;quarry blast
2018-02-08T08:11:10.474000+00:00;48.427;9.3;1.7;Reutlingen;quarry blast
2018-02-08T06:25:34.991000+00:00;45.448;6.276;1.9;Saint-Jean-de-Maurienne;earthquake
2018-02-08T02:58:55.186000+00:00;44.256;6.793;2.0;Digne-les-Bains;earthquake
2018-02-08T02:58:29.481000+00:00;44.861;7.028;1.5;Pinerolo;earthquake
2018-02-08T02:54:18.073000+00:00;44.872;7.021;1.5;Pinerolo;earthquake
2018-02-08T02:29:18.018000+00:00;79.649;2.806;5.6;Tromsø;None
2018-02-08T02:08:23.348000+00:00;44.387;6.856;1.4;Borgo San Dalmazzo;earthquake
2018-02-08T01:17:18.748000+00:00;47.789;7.363;1.5;Mulhouse;earthquake
2018-02-08T00:54:20.674000+00:00;24.15;121.768;4.9;Taipei;None
2018-02-08T00:42:57.127000+00:00;44.183;8.598;2.5;Savona;earthquake
2018-02-07T23:16:53.988000+00:00;44.468;6.674;0.8;Gap;earthquake
2018-02-07T23:12:42.106000+00:00;51.504;6.77;3.0;Essen;earthquake
2018-02-07T20:30:38.955000+00:00;49.158;8.189;1.6;Landau in der Pfalz;earthquake
2018-02-07T19:56:10.692000+00:00;45.448;6.326;1.7;Albertville;earthquake
2018-02-07T19:47:50.009000+00:00;45.426;6.327;1.9;Saint-Jean-de-Maurienne;earthquake
2018-02-07T19:46:16.008000+00:00;45.441;6.292;1.8;Saint-Jean-de-Maurienne;earthquake
2018-02-07T18:53:28.013000+00:00;45.459;6.302;1.7;Saint-Jean-de-Maurienne;earthquake
2018-02-07T18:47:08.808000+00:00;45.448;6.329;2.0;Albertville;earthquake
2018-02-07T18:02:30.164000+00:00;45.42;6.389;1.2;Saint-Jean-de-Maurienne;earthquake
2018-02-07T17:33:28.509000+00:00;41.821;144.387;4.8;Kushiro;None
2018-02-07T17:20:41.639000+00:00;45.444;6.317;1.2;Saint-Jean-de-Maurienne;earthquake
2018-02-07T17:19:55.090000+00:00;45.452;6.284;1.4;Saint-Jean-de-Maurienne;earthquake
2018-02-07T17:10:21.842000+00:00;45.993;7.548;1.7;Sion;earthquake
2018-02-07T17:04:28.947000+00:00;44.476;6.897;0.7;Busca;earthquake
2018-02-07T15:37:04.432000+00:00;45.404;6.384;1.3;Saint-Jean-de-Maurienne;earthquake
2018-02-07T15:21:33.103000+00:00;24.162;121.603;5.5;Taipei;None
2018-02-07T14:24:37.305000+00:00;45.418;6.364;1.4;Saint-Jean-de-Maurienne;earthquake
2018-02-07T13:53:40.133000+00:00;45.449;6.284;1.4;Saint-Jean-de-Maurienne;earthquake
2018-02-07T13:06:58.847000+00:00;47.688;8.329;1.4;Waldshut-Tiengen;quarry blast
2018-02-07T13:06:49.324000+00:00;24.865;121.048;4.8;Taipei;None
2018-02-07T12:58:55.148000+00:00;51.193;5.636;2.7;Weert;earthquake
2018-02-07T12:36:19.006000+00:00;-29.193;-72.471;5.1;Coquimbo;None
2018-02-07T11:53:07.088000+00:00;45.426;6.322;1.6;Saint-Jean-de-Maurienne;earthquake
2018-02-07T11:52:06.322000+00:00;45.449;6.267;1.5;Saint-Jean-de-Maurienne;earthquake
2018-02-07T11:35:43.299000+00:00;47.762;6.939;1.9;Belfort;quarry blast
2018-02-07T11:13:08.263000+00:00;24.148;121.813;4.6;Taipei;None
2018-02-07T11:10:42.024000+00:00;43.677;6.958;1.9;Grasse;quarry blast
2018-02-07T10:54:00.647000+00:00;48.419;6.905;1.4;Saint-Dié-des-Vosges;quarry blast
2018-02-07T10:52:08.513000+00:00;50.208;5.251;2.3;Marche-en-Famenne;quarry blast
2018-02-07T10:30:47.848000+00:00;47.291;6.615;2.1;Valentigney;quarry blast
2018-02-07T09:49:42.773000+00:00;43.934;7.193;1.5;Carros;quarry blast
2018-02-07T09:48:09.593000+00:00;43.77;7.342;1.9;Monaco;quarry blast
2018-02-07T09:35:53.824000+00:00;48.098;5.183;2.1;Chaumont;quarry blast
2018-02-07T09:21:12.317000+00:00;16.524;-96.215;4.6;Miahuatlán de Porfirio Díaz;None
2018-02-07T09:15:55.481000+00:00;43.163;5.966;2.5;Toulon;quarry blast
2018-02-07T08:57:02.757000+00:00;48.723;8.886;2.2;Sindelfingen;quarry blast
2018-02-07T08:50:56+00:00;48.891;9.545;2.2;Schorndorf;quarry blast
2018-02-07T07:20:27.060000+00:00;45.445;6.304;1.6;Saint-Jean-de-Maurienne;earthquake
2018-02-07T07:16:29.444000+00:00;45.408;6.378;1.3;Saint-Jean-de-Maurienne;earthquake
2018-02-07T05:39:11.004000+00:00;44.573;148.212;4.7;Asahikawa;None
2018-02-07T04:07:19.147000+00:00;45.45;6.291;1.7;Saint-Jean-de-Maurienne;earthquake
2018-02-07T03:49:57.085000+00:00;44.913;6.593;1.3;Briançon;earthquake
2018-02-07T03:36:21.007000+00:00;24.252;121.689;4.9;Taipei;None
2018-02-07T02:28:04.027000+00:00;42.162;3.433;2.7;Figueres;earthquake
2018-02-07T02:18:05.275000+00:00;24.217;121.881;4.8;Taipei;None
2018-02-06T23:43:55.999000+00:00;24.277;121.967;4.6;Taipei;None
2018-02-06T23:11:43.536000+00:00;24.148;122.044;4.4;Taipei;None
2018-02-06T21:53:56.788000+00:00;38.028;73.039;5.0;Fayzabad;earthquake
2018-02-06T21:06:41.641000+00:00;47.783;7.693;1.0;Müllheim;earthquake
2018-02-06T20:56:26.775000+00:00;24.268;121.53;4.8;Taipei;None
2018-02-06T19:15:32.651000+00:00;24.171;121.749;5.3;Taipei;None
2018-02-06T18:07:44.162000+00:00;24.291;121.842;5.2;Taipei;None
2018-02-06T18:00:18.017000+00:00;24.467;121.748;5.0;Taipei;None
2018-02-06T16:18:03.625000+00:00;24.263;121.637;5.0;Taipei;None
2018-02-06T15:50:43.086000+00:00;24.144;121.548;6.1;Taipei;None
2018-02-06T15:50:10.739000+00:00;48.561;8.772;1.9;Herrenberg;quarry blast
2018-02-06T15:16:30.811000+00:00;56.666;-147.195;4.6;Anchorage;None
2018-02-06T15:14:58.436000+00:00;45.382;6.505;1.8;Saint-Jean-de-Maurienne;earthquake
2018-02-06T14:57:40.335000+00:00;44.581;6.774;1.2;Briançon;earthquake
2018-02-06T14:49:32.078000+00:00;45.415;6.352;1.7;Saint-Jean-de-Maurienne;earthquake
2018-02-06T14:27:21.254000+00:00;36.355;5.24;5.1;Bejaïa;earthquake
2018-02-06T13:23:00.568000+00:00;44.875;7.047;1.8;Pinerolo;earthquake
2018-02-06T11:33:03.813000+00:00;49.66;7.96;2.3;Alzey;quarry blast
2018-02-06T11:04:20.990000+00:00;43.42;6.381;2.5;Draguignan;quarry blast
2018-02-06T11:00:00.035000+00:00;45.312;4.564;2.5;Saint-Étienne;quarry blast
2018-02-06T10:44:27.015000+00:00;45.882;4.625;2.5;Anse;quarry blast
2018-02-06T10:32:05.142000+00:00;46.333;3.196;2.4;Vichy;quarry blast
2018-02-06T10:01:40.592000+00:00;48.205;8.884;2.1;Albstadt;quarry blast
2018-02-06T09:23:04.633000+00:00;48.019;7.051;1.0;Guebwiller;quarry blast
2018-02-06T09:04:45.562000+00:00;45.413;6.352;1.5;Saint-Jean-de-Maurienne;earthquake
2018-02-06T09:03:57.492000+00:00;45.796;5.374;1.9;Ambérieu-en-Bugey;quarry blast
2018-02-06T08:26:25.132000+00:00;48.493;8.963;2.0;Tübingen;quarry blast
2018-02-06T08:13:08.413000+00:00;45.424;6.326;1.7;Saint-Jean-de-Maurienne;earthquake
2018-02-06T08:02:59.148000+00:00;44.452;6.661;0.8;Gap;earthquake
2018-02-06T07:51:31.064000+00:00;43.502;6.603;2.2;Fréjus;quarry blast
2018-02-06T07:01:50.838000+00:00;44.862;7.031;2.0;Pinerolo;earthquake
2018-02-06T07:00:11.936000+00:00;45.379;6.414;1.2;Saint-Jean-de-Maurienne;earthquake
2018-02-06T05:09:22.424000+00:00;25.267;121.661;4.8;Taipei;None
2018-02-06T04:58:45.269000+00:00;15.999;123.38;5.1;San Mariano;None
2018-02-06T04:48:48.472000+00:00;-35.356;-74.21;4.8;Talcahuano;None
2018-02-06T03:39:56.553000+00:00;44.378;7.27;1.6;Cuneo;earthquake
2018-02-05T23:01:35.930000+00:00;45.42;6.329;2.1;Saint-Jean-de-Maurienne;earthquake
2018-02-05T22:30:10.626000+00:00;45.395;6.375;1.4;Saint-Jean-de-Maurienne;earthquake
2018-02-05T21:54:30.185000+00:00;42.745;1.686;1.2;Andorra la Vella;earthquake
2018-02-05T20:17:46.478000+00:00;42.874;-0.697;1.6;Billère;earthquake
2018-02-05T19:22:34.656000+00:00;56.645;-149.358;4.7;Anchorage;None
2018-02-05T18:57:47.867000+00:00;47.213;7.511;1.8;Grenchen;earthquake
2018-02-05T16:55:40.959000+00:00;18.968;96.564;5.0;Nay Pyi Taw;None
2018-02-05T16:18:57.201000+00:00;48.603;8.15;1.1;Bühl;quarry blast
2018-02-05T15:58:46.114000+00:00;24.682;122.017;4.8;Taipei;None
2018-02-05T14:28:36.100000+00:00;46.213;7.658;1.8;Sion;earthquake
2018-02-05T11:53:18.982000+00:00;44.328;7.293;0.8;Cuneo;earthquake
2018-02-05T11:16:04.965000+00:00;45.478;6.23;1.4;Saint-Jean-de-Maurienne;earthquake
2018-02-05T10:57:41.066000+00:00;45.413;6.354;1.4;Saint-Jean-de-Maurienne;earthquake
2018-02-05T10:55:20.074000+00:00;48.401;6.864;2.0;Saint-Dié-des-Vosges;quarry blast
2018-02-05T10:38:39.690000+00:00;45.573;3.178;2.1;"Cournon-d&#39;Auvergne";quarry blast
2018-02-05T09:29:52.164000+00:00;53.704;-35.335;4.6;Reykjavík;None
2018-02-05T08:57:13.015000+00:00;48.166;9.074;1.8;Albstadt;quarry blast
2018-02-05T08:38:53.143000+00:00;45.416;6.344;1.3;Saint-Jean-de-Maurienne;earthquake
2018-02-05T06:21:06.483000+00:00;44.007;6.942;1.7;Vence;earthquake
2018-02-05T06:12:14.183000+00:00;45.41;6.357;1.3;Saint-Jean-de-Maurienne;earthquake
2018-02-05T05:04:21.532000+00:00;44.871;7.027;1.7;Pinerolo;earthquake
2018-02-05T04:36:05.940000+00:00;44.773;6.699;0.9;Briançon;earthquake
2018-02-05T03:49:15.665000+00:00;45.423;6.328;1.2;Saint-Jean-de-Maurienne;earthquake
2018-02-05T03:46:49.829000+00:00;45.41;6.373;1.3;Saint-Jean-de-Maurienne;earthquake
2018-02-05T03:45:56.039000+00:00;45.436;6.315;1.2;Saint-Jean-de-Maurienne;earthquake
2018-02-05T03:45:53.603000+00:00;45.437;6.3;1.3;Saint-Jean-de-Maurienne;earthquake
2018-02-05T03:43:23.308000+00:00;45.426;6.318;2.0;Saint-Jean-de-Maurienne;earthquake
2018-02-05T03:42:23.965000+00:00;45.425;6.327;2.0;Saint-Jean-de-Maurienne;earthquake
2018-02-05T03:06:39.814000+00:00;47.599;7.747;1.5;Lörrach;earthquake
2018-02-05T01:18:16.606000+00:00;43.079;-1.467;1.4;Pamplona;earthquake
2018-02-05T01:03:36.048000+00:00;43.036;-0.281;2.1;Pau;earthquake
2018-02-04T23:03:56.702000+00:00;44.87;7.037;1.2;Pinerolo;earthquake
2018-02-04T22:57:02.537000+00:00;44.935;6.802;1.4;Briançon;earthquake
2018-02-04T22:37:38.874000+00:00;45.423;6.314;1.9;Saint-Jean-de-Maurienne;earthquake
2018-02-04T20:28:16.855000+00:00;45.446;6.274;1.6;Saint-Jean-de-Maurienne;earthquake
2018-02-04T19:54:52.072000+00:00;-8.762;121.979;5.6;Kupang;None
2018-02-04T19:43:20.823000+00:00;45.407;6.361;1.2;Saint-Jean-de-Maurienne;earthquake
2018-02-04T19:40:18.540000+00:00;44.459;6.664;0.8;Gap;earthquake
2018-02-04T19:25:22.043000+00:00;45.417;6.335;1.4;Saint-Jean-de-Maurienne;earthquake
2018-02-04T19:23:53.464000+00:00;45.424;6.319;1.9;Saint-Jean-de-Maurienne;earthquake
2018-02-04T19:10:56.712000+00:00;45.438;6.3;1.3;Saint-Jean-de-Maurienne;earthquake
2018-02-04T19:08:20.288000+00:00;45.423;6.337;1.7;Saint-Jean-de-Maurienne;earthquake
2018-02-04T18:57:42.344000+00:00;45.571;10.801;3.2;Negrar;earthquake
2018-02-04T16:13:11.992000+00:00;44.869;7.021;1.1;Pinerolo;earthquake
2018-02-04T14:13:13.886000+00:00;24.159;121.845;5.5;Taipei;None
2018-02-04T13:56:44.440000+00:00;24.17;121.384;5.7;Taipei;None
2018-02-04T13:23:10.063000+00:00;82.984;-7.51;5.0;Tromsø;None
2018-02-04T13:20:37.358000+00:00;45.45;6.244;1.4;Saint-Jean-de-Maurienne;earthquake
2018-02-04T13:19:43.734000+00:00;45.429;6.301;1.6;Saint-Jean-de-Maurienne;earthquake
2018-02-04T13:12:55.426000+00:00;24.498;121.747;5.2;Taipei;None
2018-02-04T12:45:31.256000+00:00;42.539;13.638;4.1;Teramo;earthquake
2018-02-04T09:25:31.204000+00:00;44.457;6.665;0.7;Gap;earthquake
2018-02-04T09:12:29.787000+00:00;44.873;7.016;1.4;Pinerolo;earthquake
2018-02-04T08:09:20.249000+00:00;44.867;7.022;1.6;Pinerolo;earthquake
2018-02-04T07:56:26.626000+00:00;44.871;7.037;1.9;Pinerolo;earthquake
2018-02-04T07:36:39.337000+00:00;44.871;7.026;1.5;Pinerolo;earthquake
2018-02-04T06:25:01.725000+00:00;45.45;6.264;1.5;Saint-Jean-de-Maurienne;earthquake
2018-02-04T05:41:39.733000+00:00;44.867;7.023;1.3;Pinerolo;earthquake
2018-02-04T04:24:26.481000+00:00;45.421;6.313;1.9;Saint-Jean-de-Maurienne;earthquake
2018-02-04T03:23:35.170000+00:00;44.762;6.917;1.4;Briançon;earthquake
2018-02-04T03:17:58.660000+00:00;44.864;7.02;1.4;Pinerolo;earthquake
2018-02-04T03:01:40.099000+00:00;44.873;7.012;1.6;Pinerolo;earthquake
2018-02-04T03:00:10.748000+00:00;44.858;7.014;1.4;Pinerolo;earthquake
2018-02-04T03:00:09.556000+00:00;44.874;7.018;1.5;Pinerolo;earthquake
2018-02-04T02:54:22.003000+00:00;44.867;7.018;1.4;Pinerolo;earthquake
2018-02-04T02:12:41.925000+00:00;45.442;6.305;1.6;Saint-Jean-de-Maurienne;earthquake
2018-02-04T01:50:38.922000+00:00;45.434;6.306;1.6;Saint-Jean-de-Maurienne;earthquake
2018-02-04T01:43:54.038000+00:00;46.472;7.082;2.0;Le Châtelard;earthquake
2018-02-04T01:39:44.982000+00:00;45.443;6.274;1.4;Saint-Jean-de-Maurienne;earthquake
2018-02-04T01:37:08.084000+00:00;45.429;6.336;1.7;Saint-Jean-de-Maurienne;earthquake
2018-02-04T01:25:40.507000+00:00;44.982;7.582;1.8;Moncalieri;earthquake
2018-02-04T01:25:36.899000+00:00;45.46;6.278;1.7;Saint-Jean-de-Maurienne;earthquake
2018-02-04T00:16:06.149000+00:00;45.423;6.323;1.6;Saint-Jean-de-Maurienne;earthquake
2018-02-03T22:22:43.982000+00:00;42.619;0.874;1.7;Andorra la Vella;earthquake
2018-02-03T21:51:31.970000+00:00;42.418;2.295;1.2;Olot;earthquake
2018-02-03T19:58:49.816000+00:00;43.083;-0.331;1.5;Pau;earthquake
2018-02-03T19:37:06.657000+00:00;45.444;6.299;1.3;Saint-Jean-de-Maurienne;earthquake
2018-02-03T19:08:14.540000+00:00;44.867;7.03;1.3;Pinerolo;earthquake
2018-02-03T19:06:49.320000+00:00;44.874;7.012;1.1;Pinerolo;earthquake
2018-02-03T18:45:33.701000+00:00;44.425;6.957;1.0;Borgo San Dalmazzo;earthquake
2018-02-03T18:26:08.176000+00:00;44.599;6.686;0.8;Gap;earthquake
2018-02-03T17:48:23.959000+00:00;44.509;7.266;1.2;Saluzzo;earthquake
2018-02-03T17:02:37.438000+00:00;44.524;6.829;1.2;Briançon;earthquake
2018-02-03T14:56:25.253000+00:00;44.871;7.018;1.2;Pinerolo;earthquake
2018-02-03T12:02:13.684000+00:00;45.47;6.257;1.1;Saint-Jean-de-Maurienne;earthquake
2018-02-03T11:03:08.816000+00:00;45.443;6.365;1.6;Albertville;earthquake
2018-02-03T10:45:28.682000+00:00;44.863;7.009;1.1;Pinerolo;earthquake
2018-02-03T09:11:32.126000+00:00;45.433;6.335;1.3;Saint-Jean-de-Maurienne;earthquake
2018-02-03T05:02:30.090000+00:00;45.455;6.232;1.3;Saint-Jean-de-Maurienne;earthquake
2018-02-03T04:40:41.257000+00:00;45.424;6.331;1.4;Saint-Jean-de-Maurienne;earthquake
2018-02-03T04:37:11.203000+00:00;45.456;6.263;1.1;Saint-Jean-de-Maurienne;earthquake
2018-02-03T04:27:42.831000+00:00;45.422;6.324;1.3;Saint-Jean-de-Maurienne;earthquake
2018-02-03T03:50:33.965000+00:00;50.293;7.275;2.4;Mayen;earthquake
2018-02-03T02:44:40.401000+00:00;44.463;7.224;1.0;Borgo San Dalmazzo;earthquake
2018-02-03T00:23:50.325000+00:00;45.439;6.349;1.0;Saint-Jean-de-Maurienne;earthquake
2018-02-02T22:50:38.079000+00:00;44.442;6.64;0.7;Gap;earthquake
2018-02-02T22:45:46.969000+00:00;45.436;6.318;1.1;Saint-Jean-de-Maurienne;earthquake
2018-02-02T22:45:00.697000+00:00;44.87;7.013;1.0;Pinerolo;earthquake
2018-02-02T22:31:22.950000+00:00;45.446;6.309;1.0;Saint-Jean-de-Maurienne;earthquake
2018-02-02T21:21:58.923000+00:00;44.296;7.221;0.7;Cuneo;earthquake
2018-02-02T19:53:24.214000+00:00;43.08;-1.063;1.3;Oloron-Sainte-Marie;earthquake
2018-02-02T19:44:49.152000+00:00;44.892;7.183;0.9;Pinerolo;earthquake
2018-02-02T18:08:38.479000+00:00;45.424;6.341;1.7;Saint-Jean-de-Maurienne;earthquake
2018-02-02T16:49:28.656000+00:00;48.412;8.679;1.6;Horb am Neckar;quarry blast
2018-02-02T16:12:49.135000+00:00;45.447;6.272;1.0;Saint-Jean-de-Maurienne;earthquake
2018-02-02T15:28:19.943000+00:00;45.444;6.309;1.1;Saint-Jean-de-Maurienne;earthquake
2018-02-02T14:39:01.731000+00:00;44.873;7.036;1.9;Pinerolo;earthquake
2018-02-02T13:58:31.027000+00:00;46.222;7.21;1.3;Sion;earthquake
2018-02-02T13:39:01.473000+00:00;44.87;7.024;1.3;Pinerolo;earthquake
2018-02-02T11:11:47.830000+00:00;44.622;8.108;2.2;Alba;quarry blast
2018-02-02T10:47:10.847000+00:00;45.685;5.297;2.1;Bourgoin;quarry blast
2018-02-02T09:20:35.422000+00:00;45.451;6.277;1.0;Saint-Jean-de-Maurienne;earthquake
2018-02-02T09:00:08.430000+00:00;45.413;6.364;1.1;Saint-Jean-de-Maurienne;earthquake
2018-02-02T09:00:01.212000+00:00;47.439;8.205;1.7;Brugg;quarry blast
2018-02-02T08:37:40.340000+00:00;44.468;2.885;2.3;Rodez;quarry blast
2018-02-02T08:34:57.407000+00:00;44.289;7.453;1.4;Cuneo;quarry blast
2018-02-02T08:05:06.276000+00:00;45.457;6.254;1.1;Saint-Jean-de-Maurienne;earthquake
2018-02-02T07:10:49.490000+00:00;45.451;6.273;1.2;Saint-Jean-de-Maurienne;earthquake
2018-02-02T06:31:07.807000+00:00;45.43;6.293;1.3;Saint-Jean-de-Maurienne;earthquake
2018-02-02T06:23:57.146000+00:00;52.974;-35.182;4.9;"St. John&#39;s";None
2018-02-02T06:12:00.152000+00:00;45.453;6.257;1.3;Saint-Jean-de-Maurienne;earthquake
2018-02-02T05:45:57.298000+00:00;45.428;6.309;1.8;Saint-Jean-de-Maurienne;earthquake
2018-02-02T05:37:11.962000+00:00;45.43;6.307;1.9;Saint-Jean-de-Maurienne;earthquake
2018-02-02T05:35:52.354000+00:00;45.429;6.318;1.3;Saint-Jean-de-Maurienne;earthquake
2018-02-02T05:03:51.779000+00:00;45.44;6.297;1.7;Saint-Jean-de-Maurienne;earthquake
2018-02-02T05:03:18.741000+00:00;45.449;6.379;1.4;Albertville;earthquake
2018-02-02T04:49:31.460000+00:00;45.428;6.315;1.8;Saint-Jean-de-Maurienne;earthquake
2018-02-02T04:34:02.704000+00:00;45.44;6.335;1.3;Saint-Jean-de-Maurienne;earthquake
2018-02-02T03:25:48.298000+00:00;45.436;6.331;1.3;Saint-Jean-de-Maurienne;earthquake
2018-02-02T03:11:52.394000+00:00;45.407;6.388;1.4;Saint-Jean-de-Maurienne;earthquake
2018-02-02T02:13:03.947000+00:00;44.338;7.274;1.4;Cuneo;earthquake
2018-02-02T02:09:41.043000+00:00;45.422;6.293;1.4;Saint-Jean-de-Maurienne;earthquake
2018-02-01T23:35:51.060000+00:00;43.13;-1.052;1.5;Oloron-Sainte-Marie;earthquake
2018-02-01T22:39:47.765000+00:00;45.851;2.727;2.1;Clermont-Ferrand;earthquake
2018-02-01T22:14:55.752000+00:00;46.348;7.151;1.5;Monthey;earthquake
2018-02-01T21:50:41.053000+00:00;46.893;8.335;2.2;Kriens;earthquake
2018-02-01T21:49:49.916000+00:00;45.421;6.31;1.9;Saint-Jean-de-Maurienne;earthquake
2018-02-01T21:34:40.943000+00:00;44.34;7.277;1.7;Cuneo;earthquake
2018-02-01T19:51:45.130000+00:00;44.492;6.694;0.7;Gap;earthquake
2018-02-01T19:30:01.303000+00:00;44.471;6.669;1.6;Gap;earthquake
2018-02-01T18:57:20.024000+00:00;45.425;6.309;1.5;Saint-Jean-de-Maurienne;earthquake
2018-02-01T18:29:05.168000+00:00;47.202;7.526;2.1;Grenchen;earthquake
2018-02-01T15:09:29.677000+00:00;44.598;6.968;1.5;Luserna San Giovanni;earthquake
2018-02-01T15:09:19.305000+00:00;46.321;8.156;1.9;Domodossola;earthquake
2018-02-01T14:36:37.599000+00:00;48.363;8.015;1.8;Offenburg;quarry blast
2018-02-01T13:53:53.020000+00:00;45.632;4.297;2.2;Saint-Just-Saint-Rambert;quarry blast
2018-02-01T12:21:23.768000+00:00;41.473;2.255;2.4;Sant Martí;quarry blast
2018-02-01T11:48:59.734000+00:00;44.601;4.377;2.1;Montélimar;quarry blast
2018-02-01T11:12:52.917000+00:00;43.521;6.561;2.1;Fréjus;quarry blast
2018-02-01T11:11:33.608000+00:00;48.49;7.152;2.0;Obernai;quarry blast
2018-02-01T11:10:21.023000+00:00;43.375;6.913;2.3;Antibes;quarry blast
2018-02-01T11:05:53.634000+00:00;-16.582;-177.416;5.2;Apia;None
2018-02-01T11:00:56.749000+00:00;48.432;6.876;2.0;Saint-Dié-des-Vosges;quarry blast
2018-02-01T11:00:02.001000+00:00;-15.878;-177.701;4.9;Apia;None
2018-02-01T10:44:32.120000+00:00;45.7;4.468;2.3;Saint-Galmier;quarry blast
2018-02-01T09:54:18.442000+00:00;44.795;4.664;2.3;Guilherand-Granges;quarry blast
2018-02-01T09:25:14.963000+00:00;43.948;7.151;1.3;Vence;quarry blast
2018-02-01T09:16:24.041000+00:00;45.438;6.299;1.5;Saint-Jean-de-Maurienne;earthquake
2018-02-01T09:16:15.567000+00:00;45.138;3.207;2.1;Le Puy-en-Velay;quarry blast
2018-02-01T09:10:28.250000+00:00;45.443;6.291;1.4;Saint-Jean-de-Maurienne;earthquake
2018-02-01T09:08:49.214000+00:00;45.445;6.279;1.5;Saint-Jean-de-Maurienne;earthquake
2018-02-01T08:59:28.063000+00:00;45.44;6.284;1.6;Saint-Jean-de-Maurienne;earthquake
2018-02-01T08:56:45.605000+00:00;47.47;5.036;2.4;Dijon;quarry blast
2018-02-01T08:48:15.234000+00:00;45.448;6.27;1.3;Saint-Jean-de-Maurienne;earthquake
2018-02-01T08:42:15.158000+00:00;45.426;6.31;2.1;Saint-Jean-de-Maurienne;earthquake
2018-02-01T08:39:03.972000+00:00;45.438;6.297;1.5;Saint-Jean-de-Maurienne;earthquake
2018-02-01T08:31:33.762000+00:00;44.458;6.61;1.1;Gap;earthquake
2018-02-01T08:03:09.301000+00:00;44.45;6.663;0.8;Gap;earthquake
2018-02-01T08:02:17.240000+00:00;44.446;6.661;0.8;Gap;earthquake
2018-02-01T08:02:01.289000+00:00;44.451;6.663;0.8;Gap;earthquake
2018-02-01T07:40:11.499000+00:00;45.434;6.322;1.5;Saint-Jean-de-Maurienne;earthquake
2018-02-01T07:37:07.564000+00:00;45.436;6.311;1.8;Saint-Jean-de-Maurienne;earthquake
2018-02-01T07:34:23.035000+00:00;45.441;6.281;1.6;Saint-Jean-de-Maurienne;earthquake
2018-02-01T06:46:30.785000+00:00;48.229;9.213;2.1;Albstadt;quarry blast
2018-02-01T04:36:11.299000+00:00;42.775;1.965;1.8;Encamp;earthquake
2018-02-01T03:51:14.514000+00:00;44.44;6.711;1.0;Gap;earthquake
2018-02-01T01:47:36.462000+00:00;47.238;9.816;4.2;Dornbirn;earthquake
2018-02-01T01:31:59.212000+00:00;45.446;6.3;1.5;Saint-Jean-de-Maurienne;earthquake
2018-02-01T01:02:33.061000+00:00;44.62;11.714;3.5;Argenta;earthquake
2018-02-01T00:33:10.008000+00:00;44.695;6.769;1.9;Briançon;earthquake
2018-02-01T00:16:01.496000+00:00;45.425;6.328;2.2;Saint-Jean-de-Maurienne;earthquake
2018-01-31T23:47:13.598000+00:00;45.442;6.325;1.5;Saint-Jean-de-Maurienne;earthquake
2018-01-31T23:43:10.368000+00:00;45.423;6.314;1.7;Saint-Jean-de-Maurienne;earthquake
2018-01-31T23:41:46.001000+00:00;45.438;6.284;1.5;Saint-Jean-de-Maurienne;earthquake
2018-01-31T23:40:55.779000+00:00;45.441;6.274;1.6;Saint-Jean-de-Maurienne;earthquake
2018-01-31T23:32:54.022000+00:00;45.465;6.232;1.6;Saint-Jean-de-Maurienne;earthquake
2018-01-31T23:31:32.231000+00:00;45.437;6.295;1.6;Saint-Jean-de-Maurienne;earthquake
2018-01-31T23:29:03.665000+00:00;45.426;6.326;1.4;Saint-Jean-de-Maurienne;earthquake
2018-01-31T23:28:28.367000+00:00;45.44;6.279;1.5;Saint-Jean-de-Maurienne;earthquake
2018-01-31T23:22:41.673000+00:00;45.433;6.318;1.6;Saint-Jean-de-Maurienne;earthquake
2018-01-31T23:20:58.485000+00:00;45.436;6.349;2.0;Saint-Jean-de-Maurienne;earthquake
2018-01-31T23:14:05.079000+00:00;45.438;6.316;2.3;Saint-Jean-de-Maurienne;earthquake
2018-01-31T23:13:20.127000+00:00;-1.627;-77.422;5.2;Ambato;None
2018-01-31T22:41:54.571000+00:00;45.442;6.291;1.7;Saint-Jean-de-Maurienne;earthquake
2018-01-31T22:30:25.047000+00:00;45.437;6.303;1.7;Saint-Jean-de-Maurienne;earthquake
2018-01-31T21:50:37.891000+00:00;45.405;6.378;1.2;Saint-Jean-de-Maurienne;earthquake
2018-01-31T21:27:55.179000+00:00;44.651;6.698;2.1;Gap;earthquake
2018-01-31T21:21:17.653000+00:00;44.511;6.835;1.0;Briançon;earthquake
2018-01-31T21:17:39.652000+00:00;45.428;6.335;1.3;Saint-Jean-de-Maurienne;earthquake
2018-01-31T20:01:46.821000+00:00;56.524;-149.15;5.2;Anchorage;None
2018-01-31T19:15:55.395000+00:00;-10.738;164.157;5.4;Honiara;None
2018-01-31T18:25:54.107000+00:00;83.025;-7.716;4.8;Tromsø;None
2018-01-31T17:54:29.079000+00:00;44.42;6.705;0.9;Gap;earthquake
2018-01-31T17:51:10.385000+00:00;44.522;6.683;0.8;Gap;earthquake
2018-01-31T17:15:29.160000+00:00;45.416;6.343;1.4;Saint-Jean-de-Maurienne;earthquake
2018-01-31T16:41:56.058000+00:00;7.526;-79.779;4.9;Chitré;None
2018-01-31T16:37:07.940000+00:00;7.336;-79.6;4.9;Chitré;None
2018-01-31T16:18:34.937000+00:00;43.512;2.136;2.1;Castres;quarry blast
2018-01-31T16:06:57.924000+00:00;45.444;6.293;1.3;Saint-Jean-de-Maurienne;earthquake
2018-01-31T13:12:30.341000+00:00;43.052;-0.024;1.3;Tarbes;quarry blast
2018-01-31T11:45:54.193000+00:00;44.332;8.274;1.7;Savona;quarry blast
2018-01-31T11:24:43.846000+00:00;46.394;4.657;2.3;Mâcon;quarry blast
2018-01-31T11:10:32.990000+00:00;43.71;6.981;1.6;Grasse;quarry blast
2018-01-31T10:29:55.928000+00:00;45.446;6.277;1.4;Saint-Jean-de-Maurienne;earthquake
2018-01-31T10:23:59.217000+00:00;48.418;8.841;1.6;Rottenburg;quarry blast
2018-01-31T10:16:17.179000+00:00;45.444;6.286;1.3;Saint-Jean-de-Maurienne;earthquake
2018-01-31T09:55:47.310000+00:00;45.442;6.297;1.2;Saint-Jean-de-Maurienne;earthquake
2018-01-31T09:36:56.849000+00:00;43.275;6.013;1.9;La Crau;quarry blast
2018-01-31T09:12:36.182000+00:00;45.435;6.29;1.2;Saint-Jean-de-Maurienne;earthquake
2018-01-31T08:11:35.461000+00:00;50.096;7.891;2.2;Bingen am Rhein;earthquake
2018-01-31T07:59:42.668000+00:00;45.062;6.469;1.3;Briançon;earthquake
2018-01-31T07:43:47.423000+00:00;45.165;5.687;1.5;Grenoble;quarry blast
2018-01-31T07:06:03.466000+00:00;44.516;6.841;0.5;Briançon;earthquake
2018-01-31T07:05:15.107000+00:00;48.293;8.595;1.9;Oberndorf;quarry blast
2018-01-31T06:40:34.956000+00:00;47.845;7.743;1.8;Müllheim;earthquake
2018-01-31T04:58:47.172000+00:00;26.508;66.348;4.9;Dādu;None
2018-01-31T04:26:41.387000+00:00;45.426;6.314;1.1;Saint-Jean-de-Maurienne;earthquake
2018-01-31T03:13:06.632000+00:00;-6.764;155.701;5.6;Port Moresby;None
2018-01-31T02:37:21.561000+00:00;44.061;7.102;0.4;Vence;earthquake
2018-01-31T02:00:35.725000+00:00;-6.611;119.482;5.2;Makassar;None
2018-01-30T23:30:52.967000+00:00;44.322;7.276;0.6;Cuneo;earthquake
2018-01-30T23:25:44.362000+00:00;44.733;6.644;0.4;Gap;earthquake
2018-01-30T22:32:48.428000+00:00;44.555;6.797;0.3;Briançon;earthquake
2018-01-30T22:07:55.172000+00:00;82.982;-4.146;4.7;Tromsø;None
2018-01-30T21:31:04.337000+00:00;45.876;7.037;1.4;Aosta;earthquake
2018-01-30T21:10:35.453000+00:00;46.198;6.908;0.8;Monthey;earthquake
2018-01-30T20:47:21.454000+00:00;42.81;-1.268;1.4;Pamplona;earthquake
2018-01-30T19:36:20.047000+00:00;29.233;51.475;4.4;Shīrāz;None
2018-01-30T19:24:24.184000+00:00;64.691;-17.386;4.6;Reykjavík;None
2018-01-30T15:58:59.027000+00:00;43.124;-0.563;1.4;Pau;quarry blast
2018-01-30T15:31:06.035000+00:00;42.528;0.986;1.7;Andorra la Vella;earthquake
2018-01-30T15:14:32.112000+00:00;45.431;6.311;1.5;Saint-Jean-de-Maurienne;earthquake
2018-01-30T15:04:51.454000+00:00;45.387;6.405;1.1;Saint-Jean-de-Maurienne;earthquake
2018-01-30T12:07:58.749000+00:00;43.106;6.408;2.4;Hyères;explosion
2018-01-30T11:49:20.776000+00:00;51.189;-176.262;4.8;Petropavlovsk-Kamchatskiy;None
2018-01-30T11:07:58.985000+00:00;49.641;7.861;2.0;Eisenberg;quarry blast
2018-01-30T11:01:32.250000+00:00;48.441;6.86;1.5;Saint-Dié-des-Vosges;quarry blast
2018-01-30T10:58:36.003000+00:00;45.321;4.582;1.9;Saint-Chamond;quarry blast
2018-01-30T10:39:24.063000+00:00;42.942;5.957;1.9;Toulon;explosion
2018-01-30T10:13:42.956000+00:00;48.2;8.828;1.8;Albstadt;quarry blast
2018-01-30T09:32:15.476000+00:00;45.97;7.521;1.6;Aosta;earthquake
2018-01-30T09:23:57.171000+00:00;43.445;-0.671;2.1;Pau;earthquake
2018-01-30T09:05:45.873000+00:00;45.549;3.266;1.9;"Cournon-d&#39;Auvergne";quarry blast
2018-01-30T08:47:23.603000+00:00;43.508;6.578;1.8;Fréjus;earthquake
2018-01-30T08:44:24.813000+00:00;45.971;7.519;1.4;Aosta;earthquake
2018-01-30T08:20:04.036000+00:00;44.366;7.407;1.0;Cuneo;quarry blast
2018-01-30T08:14:54.257000+00:00;44.282;7.456;0.7;Cuneo;quarry blast
2018-01-30T07:39:52.564000+00:00;45.441;6.301;1.1;Saint-Jean-de-Maurienne;earthquake
2018-01-30T06:43:09.822000+00:00;44.356;6.837;1.2;Borgo San Dalmazzo;earthquake
2018-01-30T06:36:30.496000+00:00;45.396;6.398;0.7;Saint-Jean-de-Maurienne;earthquake
2018-01-30T02:33:39.034000+00:00;47.225;-0.889;2.9;Cholet;earthquake
2018-01-30T00:18:16.986000+00:00;45.03;3.255;1.1;Le Puy-en-Velay;earthquake
2018-01-30T00:14:16.495000+00:00;43.686;15.539;4.2;Zadar;earthquake
2018-01-29T23:42:17.909000+00:00;41.419;141.952;4.9;Aomori-shi;None
2018-01-29T23:18:36.035000+00:00;44.06;6.671;1.1;Grasse;earthquake
2018-01-29T22:50:26.038000+00:00;45.339;6.435;1.1;Saint-Jean-de-Maurienne;earthquake
2018-01-29T22:39:27.065000+00:00;44.116;6.69;1.6;Grasse;earthquake
2018-01-29T22:38:29.721000+00:00;44.342;7.247;1.5;Cuneo;earthquake
2018-01-29T21:50:19.003000+00:00;44.473;6.408;1.1;Gap;earthquake
2018-01-29T20:31:24.886000+00:00;45.411;6.358;1.1;Saint-Jean-de-Maurienne;earthquake
2018-01-29T16:25:43.405000+00:00;-2.807;139.524;4.8;Jayapura;None
2018-01-29T14:17:16.540000+00:00;42.994;6.367;2.6;Hyères;explosion
2018-01-29T13:57:07.002000+00:00;48.299;8.797;1.5;Balingen;quarry blast
2018-01-29T13:26:40.915000+00:00;48.582;6.774;2.0;Lunéville;quarry blast
2018-01-29T12:58:29.299000+00:00;44.977;6.631;1.7;Briançon;earthquake
2018-01-29T12:46:23.270000+00:00;44.337;8.508;1.3;Savona;quarry blast
2018-01-29T12:18:40.929000+00:00;53.689;-35.042;4.9;Reykjavík;None
2018-01-29T11:54:02.498000+00:00;47.982;9.01;1.7;Tuttlingen;quarry blast
2018-01-29T11:42:57.182000+00:00;49.127;8.985;2.0;Eppingen;quarry blast
2018-01-29T11:26:21.920000+00:00;45.424;6.336;1.8;Saint-Jean-de-Maurienne;earthquake
2018-01-29T11:07:16.180000+00:00;43.405;6.379;1.8;Draguignan;quarry blast
2018-01-29T11:03:56.046000+00:00;45.003;4.812;1.8;Valence;quarry blast
2018-01-29T10:28:46.021000+00:00;43.982;6.599;1.4;Grasse;earthquake
2018-01-29T09:20:06.144000+00:00;42.568;2.704;1.5;Ceret;quarry blast
2018-01-29T08:52:55.688000+00:00;45.683;7.646;1.5;Aosta;earthquake
2018-01-29T08:50:30.552000+00:00;48.404;8.673;1.6;Horb am Neckar;quarry blast
2018-01-29T08:24:55.290000+00:00;47.185;7.184;1.7;Biel;quarry blast
2018-01-29T07:27:18.857000+00:00;42.358;1.325;1.8;Andorra la Vella;earthquake
2018-01-29T06:22:04.060000+00:00;45.058;3.241;2.1;Le Puy-en-Velay;earthquake
2018-01-29T05:49:50.019000+00:00;7.295;-79.398;4.6;Chitré;None
2018-01-29T01:15:08.059000+00:00;44.101;6.862;1.6;Vence;earthquake
2018-01-28T23:53:04.125000+00:00;-31.523;-68.955;5.6;Mendoza;None
2018-01-28T22:55:19.057000+00:00;45.871;7.025;1.4;Aosta;earthquake
2018-01-28T22:46:31.053000+00:00;43.731;-126.086;4.6;Coos Bay;None
2018-01-28T22:33:07.856000+00:00;50.683;6.239;2.5;Aachen;earthquake
2018-01-28T18:37:30.331000+00:00;43.971;7.593;1.4;San Remo;earthquake
2018-01-28T16:03:06.375000+00:00;-53.023;9.607;5.7;Cape Town;None
2018-01-28T13:27:25.596000+00:00;45.197;5.644;2.0;Grenoble;earthquake
2018-01-28T11:26:17.007000+00:00;45.606;6.719;1.7;Albertville;earthquake
2018-01-28T11:01:45.507000+00:00;50.067;7.876;2.5;Bingen am Rhein;earthquake
2018-01-28T10:39:36.292000+00:00;44.326;7.186;1.1;Cuneo;earthquake
2018-01-28T10:11:18.740000+00:00;-28.444;-69.317;5.5;La Rioja;None
2018-01-28T02:43:23.855000+00:00;55.868;165.821;4.8;Petropavlovsk-Kamchatskiy;None
2018-01-28T02:18:10.941000+00:00;9.059;126.345;5.2;Tandag;None
2018-01-28T00:11:31.417000+00:00;52.688;-168.757;5.4;Kalifornsky;None
2018-01-28T00:08:55.752000+00:00;55.739;166.323;5.0;Petropavlovsk-Kamchatskiy;None
2018-01-27T23:59:26.344000+00:00;44.549;6.837;0.9;Briançon;earthquake
2018-01-27T23:51:23.097000+00:00;55.731;166.297;4.9;Petropavlovsk-Kamchatskiy;None
2018-01-27T22:09:48.369000+00:00;41.101;-1.119;2.8;Calatayud;earthquake
2018-01-27T21:55:46.765000+00:00;45.433;6.318;1.3;Saint-Jean-de-Maurienne;earthquake
2018-01-27T21:45:14.517000+00:00;7.262;-79.88;5.0;Chitré;None
2018-01-27T21:32:59.235000+00:00;45.425;6.348;1.2;Saint-Jean-de-Maurienne;earthquake
2018-01-27T19:43:29.996000+00:00;40.545;141.539;5.5;Aomori-shi;None
2018-01-27T18:27:28.488000+00:00;45.454;6.274;1.1;Saint-Jean-de-Maurienne;earthquake
2018-01-27T17:52:08.212000+00:00;45.411;6.35;1.7;Saint-Jean-de-Maurienne;earthquake
2018-01-27T14:40:42.030000+00:00;16.462;-84.566;4.5;Tocoa;None
2018-01-27T11:07:45.630000+00:00;43.067;-1.068;1.8;Oloron-Sainte-Marie;earthquake
2018-01-27T10:59:11.536000+00:00;50.35;7.396;2.3;Andernach;earthquake
2018-01-27T09:32:42.087000+00:00;46.345;8.145;1.9;Domodossola;earthquake
2018-01-27T09:24:33.061000+00:00;47.492;7.71;1.8;Muttenz;earthquake
2018-01-27T08:56:10.543000+00:00;45.612;6.279;1.6;Albertville;earthquake
2018-01-27T07:01:51.017000+00:00;44.988;6.534;0.9;Briançon;earthquake
2018-01-27T06:26:27.681000+00:00;44.999;6.544;1.4;Briançon;earthquake
2018-01-27T05:00:27.567000+00:00;45.419;6.385;1.2;Saint-Jean-de-Maurienne;earthquake
2018-01-27T02:45:37.043000+00:00;45.442;6.338;1.4;Saint-Jean-de-Maurienne;earthquake
2018-01-27T02:34:54.863000+00:00;55.62;166.291;4.8;Petropavlovsk-Kamchatskiy;None
2018-01-27T02:24:04.453000+00:00;-3.573;144.908;4.9;Lae;None
2018-01-27T02:22:52.805000+00:00;44.346;6.848;1.2;Borgo San Dalmazzo;earthquake
2018-01-27T01:32:46.163000+00:00;45.569;6.854;1.8;Bourg-Saint-Maurice;earthquake
2018-01-27T00:07:29.833000+00:00;45.458;6.269;1.5;Saint-Jean-de-Maurienne;earthquake
2018-01-26T23:13:08.085000+00:00;45.382;6.407;1.1;Saint-Jean-de-Maurienne;earthquake
2018-01-26T23:01:19.948000+00:00;45.429;6.302;1.4;Saint-Jean-de-Maurienne;earthquake
2018-01-26T22:48:00.114000+00:00;-3.482;145.473;5.7;Lae;None
2018-01-26T21:36:03.132000+00:00;43.771;7.753;1.6;San Remo;earthquake
2018-01-26T20:41:03.438000+00:00;42.401;1.383;2.0;Andorra la Vella;earthquake
2018-01-26T20:39:26.626000+00:00;45.436;6.288;1.8;Saint-Jean-de-Maurienne;earthquake
2018-01-26T20:26:07.159000+00:00;44.597;6.963;1.3;Luserna San Giovanni;earthquake
2018-01-26T20:17:35.335000+00:00;33.584;45.481;4.5;Baghdad;None
2018-01-26T17:39:35.789000+00:00;44.873;7.156;1.4;Pinerolo;earthquake
2018-01-26T16:40:27.511000+00:00;44.463;6.63;0.4;Gap;earthquake
2018-01-26T16:32:47.625000+00:00;44.459;6.67;0.9;Gap;earthquake
2018-01-26T16:31:36.033000+00:00;23.289;120.712;4.4;Kaohsiung;None
2018-01-26T15:32:41.396000+00:00;44.455;6.668;1.0;Gap;earthquake
2018-01-26T15:28:09.475000+00:00;44.473;6.688;1.7;Gap;earthquake
2018-01-26T15:04:40.634000+00:00;48.665;9.968;2.2;Heidenheim an der Brenz;quarry blast
2018-01-26T14:36:58.433000+00:00;43.593;6.286;2.2;Draguignan;quarry blast
2018-01-26T13:39:49.343000+00:00;45.442;6.285;1.3;Saint-Jean-de-Maurienne;earthquake
2018-01-26T11:53:55.913000+00:00;47.426;-0.512;3.1;Angers;earthquake
2018-01-26T10:51:12.802000+00:00;48.414;6.865;1.9;Saint-Dié-des-Vosges;quarry blast
2018-01-26T10:43:51.077000+00:00;-0.372;126.131;5.4;Manado;None
2018-01-26T09:41:12.914000+00:00;45.464;6.248;1.4;Saint-Jean-de-Maurienne;earthquake
2018-01-26T09:37:19.800000+00:00;43.834;7.385;1.7;Monaco;quarry blast
2018-01-26T08:58:07.221000+00:00;45.209;1.627;2.4;Brive-la-Gaillarde;quarry blast
2018-01-26T07:30:03.146000+00:00;50.108;7.876;2.4;Bingen am Rhein;earthquake
2018-01-26T07:28:35.972000+00:00;16.318;-47.22;4.8;Bridgetown;None
2018-01-26T07:11:42.477000+00:00;44.469;6.695;1.2;Gap;earthquake
2018-01-26T04:54:21.231000+00:00;46.545;6.93;2.5;Le Châtelard;earthquake
2018-01-26T04:46:47.273000+00:00;46.531;6.887;2.2;Le Châtelard;earthquake
2018-01-26T04:02:26.388000+00:00;44.827;6.572;1.1;Gap;earthquake
2018-01-26T02:30:23.012000+00:00;44.456;6.69;1.3;Gap;earthquake
2018-01-26T01:09:26.714000+00:00;56.141;-149.206;5.4;Anchorage;None
2018-01-26T00:39:33.288000+00:00;45.935;7.139;1.7;Aosta;earthquake
2018-01-25T23:55:17.095000+00:00;55.973;-149.642;4.8;Anchorage;None
2018-01-25T23:06:40.005000+00:00;45.418;6.356;1.4;Saint-Jean-de-Maurienne;earthquake
2018-01-25T19:09:26.986000+00:00;46.251;7.627;2.2;Sion;earthquake
2018-01-25T17:24:37.131000+00:00;40.515;-126.557;5.0;Eureka;None
2018-01-25T16:39:46.077000+00:00;40.509;-126.135;5.3;Eureka;None
2018-01-25T15:37:29.329000+00:00;47.635;7.257;1.8;Mulhouse;quarry blast
2018-01-25T13:39:40.949000+00:00;46.529;6.944;2.3;Le Châtelard;earthquake
2018-01-25T13:37:18.057000+00:00;46.193;7.013;1.8;Monthey;quarry blast
2018-01-25T13:04:48.081000+00:00;45.457;6.234;1.1;Saint-Jean-de-Maurienne;earthquake
2018-01-25T12:00:28.077000+00:00;45.419;6.327;1.6;Saint-Jean-de-Maurienne;earthquake
2018-01-25T11:54:04.402000+00:00;45.412;6.337;1.6;Saint-Jean-de-Maurienne;earthquake
2018-01-25T11:53:53.546000+00:00;-18.463;-69.131;4.7;Tacna;None
2018-01-25T11:23:22.480000+00:00;50.058;7.892;2.5;Bingen am Rhein;earthquake
2018-01-25T11:16:38.855000+00:00;41.703;2.482;2.4;Mataró;quarry blast
2018-01-25T11:08:41.684000+00:00;43.393;6.155;1.9;Brignoles;quarry blast
2018-01-25T11:00:14.109000+00:00;46.052;2.904;2.1;Riom;quarry blast
2018-01-25T10:58:49.281000+00:00;44.574;6.805;0.8;Briançon;earthquake
2018-01-25T10:57:37.392000+00:00;48.422;6.896;1.7;Saint-Dié-des-Vosges;quarry blast
2018-01-25T10:51:23.083000+00:00;47.634;8.087;1.3;Waldshut-Tiengen;quarry blast
2018-01-25T10:51:19.301000+00:00;43.555;6.298;2.1;Draguignan;quarry blast
2018-01-25T10:44:27.744000+00:00;47.537;8.175;1.9;Brugg;quarry blast
2018-01-25T09:59:49.383000+00:00;46.328;2.91;2.2;Montluçon;quarry blast
2018-01-25T09:01:59.751000+00:00;44.396;7.427;1.2;Cuneo;quarry blast
2018-01-25T08:26:23.366000+00:00;44.302;7.447;1.3;Cuneo;quarry blast
2018-01-25T07:55:22.961000+00:00;43.041;5.912;2.4;Toulon;explosion
2018-01-25T07:45:16.008000+00:00;44.504;6.715;0.8;Gap;earthquake
2018-01-25T07:05:13.325000+00:00;43.002;-0.088;1.5;Tarbes;earthquake
2018-01-25T06:55:37.248000+00:00;46.108;6.622;1.7;Cluses;quarry blast
2018-01-25T06:32:36.045000+00:00;44.747;6.659;1.9;Gap;earthquake
2018-01-25T06:20:11.293000+00:00;44.738;6.645;1.9;Gap;earthquake
2018-01-25T03:48:33.395000+00:00;9.126;91.517;5.5;Banda Aceh;None
2018-01-25T03:02:22.798000+00:00;55.633;166.255;4.8;Petropavlovsk-Kamchatskiy;None
2018-01-25T02:27:58.452000+00:00;55.72;165.891;5.1;Petropavlovsk-Kamchatskiy;None
2018-01-25T02:10:35.780000+00:00;55.524;166.336;5.8;Petropavlovsk-Kamchatskiy;None
2018-01-25T02:09:15.376000+00:00;45.417;6.329;1.5;Saint-Jean-de-Maurienne;earthquake
2018-01-25T01:23:21.258000+00:00;46.299;7.411;2.2;Sion;earthquake
2018-01-25T01:15:59.218000+00:00;8.395;91.658;5.9;Banda Aceh;None
2018-01-24T23:33:33.252000+00:00;46.288;7.405;2.3;Sion;earthquake
2018-01-24T21:59:04.969000+00:00;56.933;-149.956;4.7;Anchorage;None
2018-01-24T21:19:14.439000+00:00;44.776;6.955;1.2;Briançon;earthquake
2018-01-24T20:56:56.413000+00:00;46.036;6.9;1.2;Sallanches;earthquake
2018-01-24T20:56:27.296000+00:00;44.551;6.816;0.7;Briançon;earthquake
2018-01-24T19:21:31.347000+00:00;22.789;93.972;4.7;Āīzawl;None
2018-01-24T18:57:24.915000+00:00;44.531;6.853;1.6;Briançon;earthquake
2018-01-24T18:55:27.919000+00:00;44.542;6.87;1.9;Briançon;earthquake
2018-01-24T17:51:18.044000+00:00;44.398;6.983;0.9;Borgo San Dalmazzo;earthquake
2018-01-24T17:41:53.179000+00:00;42.991;0.202;1.7;Tarbes;earthquake
2018-01-24T16:46:45.005000+00:00;55.962;-149.331;5.0;Anchorage;None
2018-01-24T16:39:31.263000+00:00;45.439;6.316;1.7;Saint-Jean-de-Maurienne;earthquake
2018-01-24T16:36:43.704000+00:00;45.452;6.276;1.6;Saint-Jean-de-Maurienne;earthquake
2018-01-24T16:31:17.982000+00:00;45.455;6.278;1.8;Saint-Jean-de-Maurienne;earthquake
2018-01-24T16:23:37.001000+00:00;48.299;-4.717;3.8;Brest;earthquake
2018-01-24T15:16:07.099000+00:00;45.45;6.28;1.6;Saint-Jean-de-Maurienne;earthquake
2018-01-24T14:10:34.027000+00:00;42.919;6.339;2.6;Hyères;explosion
2018-01-24T14:02:06.767000+00:00;47.348;6.42;2.3;Besançon;quarry blast
2018-01-24T11:32:40.123000+00:00;46.385;4.595;2.2;Mâcon;quarry blast
2018-01-24T11:22:57.748000+00:00;44.34;8.25;1.2;Savona;quarry blast
2018-01-24T11:08:57.674000+00:00;44.354;8.468;1.9;Savona;quarry blast
2018-01-24T11:06:45.542000+00:00;43.703;6.95;2.2;Grasse;quarry blast
2018-01-24T10:51:17.719000+00:00;41.241;142.214;6.2;Aomori-shi;None
2018-01-24T10:32:13.017000+00:00;45.448;6.274;1.1;Saint-Jean-de-Maurienne;earthquake
2018-01-24T10:14:08.194000+00:00;48.746;8.909;2.0;Sindelfingen;quarry blast
2018-01-24T10:05:08.343000+00:00;44.555;4.664;2.0;Montélimar;quarry blast
2018-01-24T09:57:27.742000+00:00;43.513;6.597;2.0;Fréjus;quarry blast
2018-01-24T09:32:54.267000+00:00;48.191;8.796;2.1;Balingen;quarry blast
2018-01-24T09:18:42.236000+00:00;43.802;5.885;2.0;Manosque;quarry blast
2018-01-24T09:18:20.403000+00:00;45.451;6.288;1.4;Saint-Jean-de-Maurienne;earthquake
2018-01-24T06:56:59.998000+00:00;1.911;96.572;5.2;Medan;None
2018-01-24T04:29:04.014000+00:00;42.136;-2.321;2.3;Logroño;earthquake
2018-01-24T02:24:33.703000+00:00;45.432;6.348;1.0;Saint-Jean-de-Maurienne;earthquake
2018-01-24T01:49:44.183000+00:00;42.889;-1.544;1.0;Pamplona;earthquake
2018-01-24T01:42:29.092000+00:00;45.439;6.353;1.7;Saint-Jean-de-Maurienne;earthquake
2018-01-24T00:54:44.868000+00:00;55.713;-149.506;5.0;Anchorage;None
2018-01-24T00:04:51.173000+00:00;56.55;-148.511;5.2;Anchorage;None
2018-01-23T23:21:24.418000+00:00;56.727;-147.987;5.1;Anchorage;None
2018-01-23T23:09:11.029000+00:00;-5.717;-12.593;5.3;Monrovia;None
2018-01-23T23:06:27.258000+00:00;45.443;6.33;1.2;Saint-Jean-de-Maurienne;earthquake
2018-01-23T20:47:10.264000+00:00;43.024;-0.21;1.5;Lourdes;earthquake
2018-01-23T18:42:55.122000+00:00;44.387;6.779;0.7;Digne-les-Bains;earthquake
2018-01-23T17:38:35.089000+00:00;-2.765;130.303;5.1;Manado;None
2018-01-23T17:36:23.649000+00:00;45.426;6.34;1.2;Saint-Jean-de-Maurienne;earthquake
2018-01-23T17:26:53.627000+00:00;42.598;0.586;1.5;Barbastro;earthquake
2018-01-23T15:53:59.065000+00:00;47.427;6.823;1.9;Montbéliard;quarry blast
2018-01-23T15:50:08.339000+00:00;45.447;6.257;1.3;Saint-Jean-de-Maurienne;earthquake
2018-01-23T15:41:17.314000+00:00;45.647;4.047;2.0;Montbrison;earthquake
2018-01-23T15:01:35.250000+00:00;45.408;6.358;1.3;Saint-Jean-de-Maurienne;earthquake
2018-01-23T15:01:12.382000+00:00;45.419;6.34;1.0;Saint-Jean-de-Maurienne;earthquake
2018-01-23T14:59:40.226000+00:00;45.454;6.238;1.3;Saint-Jean-de-Maurienne;earthquake
2018-01-23T13:22:03.818000+00:00;45.443;6.309;1.7;Saint-Jean-de-Maurienne;earthquake
2018-01-23T12:20:40.827000+00:00;47.985;8.939;2.0;Tuttlingen;quarry blast
2018-01-23T12:19:32.404000+00:00;56.002;-149.83;5.1;Anchorage;None
2018-01-23T12:14:34.050000+00:00;45.439;6.314;1.6;Saint-Jean-de-Maurienne;earthquake
2018-01-23T11:46:58.716000+00:00;56.574;-149.153;5.4;Anchorage;None
2018-01-23T11:37:44.509000+00:00;55.638;-150.624;5.1;Anchorage;None
2018-01-23T11:10:27.063000+00:00;43.258;6.412;2.8;Cogolin;quarry blast
2018-01-23T09:31:41.967000+00:00;56.079;-149.141;7.1;Anchorage;earthquake
2018-01-23T09:24:39.201000+00:00;43.036;5.947;2.5;Toulon;explosion
2018-01-23T09:07:23.821000+00:00;45.598;3.376;2.0;"Cournon-d&#39;Auvergne";quarry blast
2018-01-23T08:47:26.968000+00:00;44.45;6.67;1.7;Gap;earthquake
2018-01-23T08:21:05.879000+00:00;44.284;7.46;1.5;Cuneo;quarry blast
2018-01-23T07:15:28.806000+00:00;47.159;7.254;2.0;Biel;quarry blast
2018-01-23T06:34:49.432000+00:00;-6.639;106.247;6.0;Bogor;None
2018-01-23T05:27:16.074000+00:00;45.437;6.31;1.5;Saint-Jean-de-Maurienne;earthquake
2018-01-23T05:19:46.331000+00:00;45.443;6.294;1.3;Saint-Jean-de-Maurienne;earthquake
2018-01-23T05:09:16.026000+00:00;45.442;6.286;1.4;Saint-Jean-de-Maurienne;earthquake
2018-01-23T04:11:08.356000+00:00;45.419;6.339;1.3;Saint-Jean-de-Maurienne;earthquake
2018-01-23T04:08:31.486000+00:00;45.444;6.272;1.6;Saint-Jean-de-Maurienne;earthquake
2018-01-23T02:52:53.660000+00:00;44.45;6.7;1.3;Gap;earthquake
2018-01-23T00:46:12.035000+00:00;46.466;7.105;2.2;Le Châtelard;earthquake
2018-01-23T00:35:04.007000+00:00;50.081;7.904;2.2;Bingen am Rhein;earthquake
2018-01-22T23:46:23.835000+00:00;43.91;7.019;0.6;Vence;earthquake
2018-01-22T23:42:26.292000+00:00;44.344;6.794;0.9;Digne-les-Bains;earthquake
2018-01-22T23:38:20.218000+00:00;44.46;6.695;1.4;Gap;earthquake
2018-01-22T23:06:11.614000+00:00;49.375;8.285;2.0;Haßloch;earthquake
2018-01-22T22:04:51.791000+00:00;44.705;6.836;1.5;Briançon;earthquake
2018-01-22T21:28:13.207000+00:00;45.453;6.256;1.5;Saint-Jean-de-Maurienne;earthquake
2018-01-22T21:20:59.405000+00:00;44.183;6.727;1.5;Grasse;earthquake
2018-01-22T21:19:28.830000+00:00;45.443;6.326;1.5;Saint-Jean-de-Maurienne;earthquake
2018-01-22T21:18:27.062000+00:00;45.407;6.4;1.2;Saint-Jean-de-Maurienne;earthquake
2018-01-22T20:28:04.347000+00:00;44.453;6.657;0.9;Gap;earthquake
2018-01-22T20:13:52.418000+00:00;45.446;6.318;1.3;Saint-Jean-de-Maurienne;earthquake
2018-01-22T19:17:42.294000+00:00;44.455;7.254;1.1;Cuneo;earthquake
2018-01-22T19:10:39.246000+00:00;44.488;7.185;1.3;Busca;earthquake
2018-01-22T17:04:36.332000+00:00;45.454;6.293;1.1;Saint-Jean-de-Maurienne;earthquake
2018-01-22T14:42:46.559000+00:00;45.45;6.243;1.2;Saint-Jean-de-Maurienne;earthquake
2018-01-22T13:29:23.797000+00:00;43.004;-0.47;2.0;Pau;earthquake
2018-01-22T12:49:47.307000+00:00;48.868;8.59;2.2;Pforzheim;quarry blast
2018-01-22T12:46:10.022000+00:00;47.499;6.587;1.9;Montbéliard;quarry blast
2018-01-22T12:33:49.126000+00:00;45.459;6.268;1.5;Saint-Jean-de-Maurienne;earthquake
2018-01-22T12:01:23.212000+00:00;42.531;2.703;1.0;Ceret;quarry blast
2018-01-22T11:03:02.010000+00:00;48.502;7.151;1.7;Obernai;quarry blast
2018-01-22T10:54:44.957000+00:00;48.772;10.09;2.4;Aalen;quarry blast
2018-01-22T10:52:54.234000+00:00;45.565;3.192;2.3;"Cournon-d&#39;Auvergne";quarry blast
2018-01-22T10:21:44.708000+00:00;42.205;2.317;2.0;Vic;quarry blast
2018-01-22T10:09:10.611000+00:00;45.448;6.275;1.6;Saint-Jean-de-Maurienne;earthquake
2018-01-22T09:22:25.461000+00:00;45.427;6.328;1.6;Saint-Jean-de-Maurienne;earthquake
2018-01-22T08:54:22.392000+00:00;45.412;6.391;1.3;Saint-Jean-de-Maurienne;earthquake
2018-01-22T07:58:42.800000+00:00;48.414;8.692;1.6;Horb am Neckar;quarry blast
2018-01-22T07:37:59.555000+00:00;18.135;96.239;5.0;Bago;None
2018-01-22T07:36:00.613000+00:00;50.025;7.91;2.8;Bingen am Rhein;earthquake
2018-01-22T06:01:18.363000+00:00;43.047;-0.198;1.9;Lourdes;earthquake
2018-01-22T05:55:23.011000+00:00;45.409;6.389;1.4;Saint-Jean-de-Maurienne;earthquake
2018-01-22T04:09:44.001000+00:00;43.108;-1.045;1.9;Oloron-Sainte-Marie;earthquake
2018-01-22T02:46:54.021000+00:00;44.713;6.8;1.3;Briançon;earthquake
2018-01-22T02:20:58.002000+00:00;45.443;6.31;1.8;Saint-Jean-de-Maurienne;earthquake
2018-01-22T02:08:23.161000+00:00;46.299;8.163;2.2;Domodossola;earthquake
2018-01-22T01:22:26.009000+00:00;45.41;6.401;1.3;Saint-Jean-de-Maurienne;earthquake
2018-01-22T01:19:55.498000+00:00;45.448;6.293;1.5;Saint-Jean-de-Maurienne;earthquake
2018-01-22T01:18:15.587000+00:00;45.423;6.344;1.9;Saint-Jean-de-Maurienne;earthquake
2018-01-22T00:53:38.432000+00:00;-10.813;-73.544;5.0;Huancayo;None
2018-01-22T00:53:19.549000+00:00;-9.87;-74.937;4.9;Pucallpa;None
2018-01-21T23:54:51.113000+00:00;51.553;6.898;3.0;Essen;earthquake
2018-01-21T23:07:20.970000+00:00;45.423;6.361;1.3;Saint-Jean-de-Maurienne;earthquake
2018-01-21T22:34:34.637000+00:00;44.396;7.311;1.6;Cuneo;earthquake
2018-01-21T21:54:20.637000+00:00;43.317;8.106;2.4;San Remo;earthquake
2018-01-21T21:31:24.689000+00:00;48.889;8.225;1.6;Rastatt;earthquake
2018-01-21T21:14:50.968000+00:00;48.893;8.222;1.9;Rastatt;earthquake
2018-01-21T19:06:04.059000+00:00;11.906;-86.586;4.8;Managua;None
2018-01-21T19:02:08.426000+00:00;45.403;6.364;1.4;Saint-Jean-de-Maurienne;earthquake
2018-01-21T17:51:45.629000+00:00;7.303;-72.598;4.6;Floridablanca;None
2018-01-21T17:38:41.663000+00:00;43.039;-0.229;1.8;Lourdes;earthquake
2018-01-21T17:20:48.633000+00:00;42.89;-1.672;2.5;Pamplona;earthquake
2018-01-21T17:04:18.551000+00:00;30.236;-114.079;4.3;Heroica Caborca;None
2018-01-21T17:03:07.806000+00:00;45.447;6.285;1.0;Saint-Jean-de-Maurienne;earthquake
2018-01-21T16:53:58.723000+00:00;46.027;6.918;1.2;Sallanches;earthquake
2018-01-21T16:41:18.298000+00:00;45.41;6.364;1.2;Saint-Jean-de-Maurienne;earthquake
2018-01-21T16:00:33.816000+00:00;44.459;6.69;1.6;Gap;earthquake
2018-01-21T15:36:50.060000+00:00;44.126;7.148;1.2;Borgo San Dalmazzo;earthquake
2018-01-21T13:18:05.384000+00:00;45.467;6.279;1.0;Saint-Jean-de-Maurienne;earthquake
2018-01-21T10:35:23.909000+00:00;45.457;6.272;1.5;Saint-Jean-de-Maurienne;earthquake
2018-01-21T08:13:08.948000+00:00;42.311;2.17;1.8;Olot;earthquake
2018-01-21T07:26:29.182000+00:00;47.561;7.618;1.4;Basel;earthquake
2018-01-21T07:08:10.696000+00:00;45.394;6.42;1.2;Saint-Jean-de-Maurienne;earthquake
2018-01-21T05:24:21.918000+00:00;45.462;6.224;1.4;Saint-Jean-de-Maurienne;earthquake
2018-01-21T03:53:58.064000+00:00;45.447;6.183;1.5;Saint-Jean-de-Maurienne;earthquake
2018-01-21T02:42:28.504000+00:00;44.451;6.672;1.4;Gap;earthquake
2018-01-21T02:31:10.411000+00:00;43.021;-0.247;1.0;Lourdes;earthquake
2018-01-21T01:54:54.807000+00:00;61.564;-178.053;4.7;Anadyr’;None
2018-01-21T00:24:55.912000+00:00;45.405;6.371;1.3;Saint-Jean-de-Maurienne;earthquake
2018-01-20T22:10:53.615000+00:00;-7.12;127.682;5.2;Ambon;None
2018-01-20T22:08:33.463000+00:00;43.468;-0.611;1.9;Pau;earthquake
2018-01-20T19:55:58.056000+00:00;16.714;120.387;5.2;San Fernando;None
2018-01-20T16:14:14.181000+00:00;45.451;6.271;1.4;Saint-Jean-de-Maurienne;earthquake
2018-01-20T15:28:51.044000+00:00;45.453;6.262;1.2;Saint-Jean-de-Maurienne;earthquake
2018-01-20T15:14:39.928000+00:00;45.462;6.246;1.0;Saint-Jean-de-Maurienne;earthquake
2018-01-20T14:27:12.011000+00:00;45.421;6.344;1.5;Saint-Jean-de-Maurienne;earthquake
2018-01-20T14:19:41.537000+00:00;48.358;-2.927;3.1;Saint-Brieuc;earthquake
2018-01-20T14:14:07.918000+00:00;45.418;6.378;1.4;Saint-Jean-de-Maurienne;earthquake
2018-01-20T14:12:21.646000+00:00;45.42;6.353;1.3;Saint-Jean-de-Maurienne;earthquake
2018-01-20T13:50:48.864000+00:00;43.671;87.317;5.3;Urunchi;None
2018-01-20T11:36:24.096000+00:00;45.47;6.241;1.2;Saint-Jean-de-Maurienne;earthquake
2018-01-20T11:31:13.228000+00:00;-28.909;-71.524;5.0;Coquimbo;None
2018-01-20T10:24:39.456000+00:00;45.46;6.289;1.1;Saint-Jean-de-Maurienne;earthquake
2018-01-20T08:23:12.115000+00:00;45.404;6.405;1.2;Saint-Jean-de-Maurienne;earthquake
2018-01-20T08:07:20.882000+00:00;45.428;6.341;1.6;Saint-Jean-de-Maurienne;earthquake
2018-01-20T04:38:23.728000+00:00;45.412;6.388;1.2;Saint-Jean-de-Maurienne;earthquake
2018-01-20T04:15:23.903000+00:00;43.063;-0.374;1.9;Pau;earthquake
2018-01-20T03:46:53.215000+00:00;41.865;2.66;2.1;Girona;earthquake
2018-01-20T01:49:07.275000+00:00;41.903;2.651;2.1;Girona;earthquake
2018-01-20T01:14:37.163000+00:00;26.982;89.295;5.0;Jaigaon;None
2018-01-19T23:36:41.506000+00:00;45.408;6.403;1.5;Saint-Jean-de-Maurienne;earthquake
2018-01-19T23:20:30.845000+00:00;45.405;6.395;1.2;Saint-Jean-de-Maurienne;earthquake
2018-01-19T22:18:00.020000+00:00;34.132;45.853;5.0;Kahrīz;None
2018-01-19T22:09:59.004000+00:00;44.384;7.191;0.7;Cuneo;earthquake
2018-01-19T18:45:19.656000+00:00;45.403;6.39;1.3;Saint-Jean-de-Maurienne;earthquake
2018-01-19T17:39:38.838000+00:00;46.414;13.625;4.4;Villach;earthquake
2018-01-19T16:48:35.146000+00:00;26.613;-110.562;4.2;Ciudad Obregón;None
2018-01-19T16:17:46.726000+00:00;26.669;-110.848;5.6;Ciudad Obregón;None
2018-01-19T15:10:22.451000+00:00;43.056;-0.01;1.8;Tarbes;earthquake
2018-01-19T14:43:30.793000+00:00;45.21;5.522;2.0;Fontaine;quarry blast
2018-01-19T12:02:38.918000+00:00;44.472;6.684;1.7;Gap;earthquake
2018-01-19T11:07:05.465000+00:00;43.678;6.982;1.9;Grasse;quarry blast
2018-01-19T10:19:12.384000+00:00;48.292;5.158;2.2;Saint-Dizier;quarry blast
2018-01-19T08:01:07.512000+00:00;43.042;-0.394;1.7;Lourdes;earthquake
2018-01-19T07:58:59.641000+00:00;48.444;8.735;1.3;Horb am Neckar;quarry blast
2018-01-19T06:59:07.037000+00:00;48.427;8.701;1.3;Horb am Neckar;quarry blast
2018-01-19T06:16:14.811000+00:00;43.46;6.552;2.1;Fréjus;quarry blast
2018-01-19T05:45:11.840000+00:00;43.022;-0.23;0.7;Lourdes;quarry blast
2018-01-19T05:13:54.794000+00:00;44.515;7.29;1.0;Saluzzo;earthquake
2018-01-19T04:54:12.005000+00:00;41.834;2.928;2.3;Girona;earthquake
2018-01-19T03:32:36.184000+00:00;43.033;0.032;0.8;Tarbes;earthquake
2018-01-19T00:19:20.048000+00:00;44.459;6.67;1.4;Gap;earthquake
2018-01-19T00:02:19.775000+00:00;44.449;6.658;1.0;Gap;earthquake
2018-01-18T23:52:33.684000+00:00;44.45;6.674;1.6;Gap;earthquake
2018-01-18T21:36:03.066000+00:00;44.446;6.673;1.6;Gap;earthquake
2018-01-18T20:49:03.691000+00:00;45.408;6.392;1.5;Saint-Jean-de-Maurienne;earthquake
2018-01-18T20:44:27.176000+00:00;45.408;6.396;1.4;Saint-Jean-de-Maurienne;earthquake
2018-01-18T20:26:20.679000+00:00;44.457;6.69;1.5;Gap;earthquake
2018-01-18T19:00:36.663000+00:00;45.407;6.39;1.4;Saint-Jean-de-Maurienne;earthquake
2018-01-18T18:59:09.528000+00:00;45.384;6.422;1.1;Saint-Jean-de-Maurienne;earthquake
2018-01-18T18:57:58.694000+00:00;45.432;6.329;1.0;Saint-Jean-de-Maurienne;earthquake
2018-01-18T18:46:41.044000+00:00;45.437;6.309;1.1;Saint-Jean-de-Maurienne;earthquake
2018-01-18T18:18:38.065000+00:00;45.436;6.331;1.4;Saint-Jean-de-Maurienne;earthquake
2018-01-18T17:48:38.016000+00:00;-6.406;132.787;5.7;Ambon;None
2018-01-18T14:34:03.162000+00:00;46.272;8.131;2.3;Domodossola;earthquake
2018-01-18T14:20:44.313000+00:00;43.091;-1.534;1.7;Pamplona;quarry blast
2018-01-18T14:04:50.158000+00:00;44.461;7.27;0.8;Cuneo;earthquake
2018-01-18T12:07:59.565000+00:00;42.135;2.308;2.1;Vic;quarry blast
2018-01-18T11:47:33.400000+00:00;45.71;4.511;2.3;Mornant;quarry blast
2018-01-18T11:10:21.694000+00:00;42.819;2.924;2.0;Perpignan;quarry blast
2018-01-18T11:08:07.590000+00:00;43.413;6.895;2.2;Cannes;quarry blast
2018-01-18T11:04:27.136000+00:00;48.416;6.906;2.2;Saint-Dié-des-Vosges;quarry blast
2018-01-18T10:47:57.424000+00:00;47.534;8.193;1.9;Waldshut-Tiengen;quarry blast
2018-01-18T09:49:10.946000+00:00;44.4;7.437;1.6;Cuneo;quarry blast
2018-01-18T08:45:36.548000+00:00;45.25;5.659;2.3;Grenoble;quarry blast
2018-01-18T08:35:23.827000+00:00;43.926;7.19;1.6;Carros;quarry blast
2018-01-18T08:29:36.103000+00:00;45.446;6.301;1.5;Saint-Jean-de-Maurienne;earthquake
2018-01-18T07:54:10.752000+00:00;42.593;2.107;1.5;Encamp;earthquake
2018-01-18T07:32:53.491000+00:00;45.445;6.299;1.5;Saint-Jean-de-Maurienne;earthquake
2018-01-18T06:24:44.721000+00:00;47.091;10.042;2.6;Feldkirch;earthquake
2018-01-18T06:10:55.991000+00:00;45.401;6.375;1.5;Saint-Jean-de-Maurienne;earthquake
2018-01-18T05:40:35.754000+00:00;42.987;0.182;2.5;Tarbes;earthquake
2018-01-18T05:23:06.664000+00:00;42.739;0.598;2.2;Saint-Gaudens;earthquake
2018-01-18T04:52:55.007000+00:00;45.449;6.287;1.6;Saint-Jean-de-Maurienne;earthquake
2018-01-18T04:50:29.951000+00:00;45.43;6.329;1.8;Saint-Jean-de-Maurienne;earthquake
2018-01-18T04:39:20.222000+00:00;45.455;6.266;1.4;Saint-Jean-de-Maurienne;earthquake
2018-01-18T04:18:22+00:00;-14.962;-172.859;5.0;Apia;None
2018-01-18T04:18:00.096000+00:00;44.481;6.722;2.5;Gap;earthquake
2018-01-18T01:53:45.481000+00:00;46.062;2.695;2.6;Montluçon;earthquake
2018-01-18T01:20:49.060000+00:00;44.516;7.278;1.8;Saluzzo;earthquake
2018-01-17T23:30:39.787000+00:00;45.443;6.312;1.6;Saint-Jean-de-Maurienne;earthquake
2018-01-17T22:58:31.850000+00:00;43.061;-0.346;2.1;Pau;earthquake
2018-01-17T22:56:56.095000+00:00;-30.085;-177.727;5.9;Apia;None
2018-01-17T22:30:42.176000+00:00;45.439;6.292;1.6;Saint-Jean-de-Maurienne;earthquake
2018-01-17T21:27:35.326000+00:00;45.445;6.316;2.0;Saint-Jean-de-Maurienne;earthquake
2018-01-17T20:50:17.267000+00:00;45.443;6.304;1.9;Saint-Jean-de-Maurienne;earthquake
2018-01-17T20:11:10.100000+00:00;44.372;7.282;2.0;Cuneo;earthquake
2018-01-17T19:36:13.413000+00:00;43.839;7.867;2.3;San Remo;earthquake
2018-01-17T19:07:20.027000+00:00;47.262;10.074;4.5;Dornbirn;earthquake
2018-01-17T18:57:59.104000+00:00;53.185;161.556;4.8;Petropavlovsk-Kamchatskiy;None
2018-01-17T17:32:13.370000+00:00;48.981;8.139;1.9;Rastatt;earthquake
2018-01-17T13:56:09.923000+00:00;-17.552;168.169;5.5;Port-Vila;None
2018-01-17T13:05:45.633000+00:00;47.974;7.621;2.0;Unterkrozingen;quarry blast
2018-01-17T11:02:08.009000+00:00;47.425;6.657;1.8;Montbéliard;quarry blast
2018-01-17T10:22:22.587000+00:00;46.276;13.424;4.5;Cividale del Friuli;earthquake
2018-01-17T05:59:06.244000+00:00;26.122;121.067;5.0;Taipei;None
2018-01-17T04:12:25.459000+00:00;43.829;8.317;2.8;Imperia;earthquake
2018-01-17T02:21:30.202000+00:00;47.758;7.535;0.8;Müllheim;quarry blast
2018-01-17T02:15:28.906000+00:00;50.864;5.693;2.7;Maastricht;earthquake
2018-01-17T01:32:57.237000+00:00;42.574;1.352;0.9;Andorra la Vella;earthquake
2018-01-17T01:25:20.059000+00:00;35.161;87.101;5.0;Aral;None
2018-01-16T23:33:56.017000+00:00;42.584;2.113;2.0;Encamp;earthquake
2018-01-16T23:33:22.593000+00:00;43.065;-0.875;1.0;Billère;earthquake
2018-01-16T22:58:33.489000+00:00;45.442;6.328;1.8;Saint-Jean-de-Maurienne;earthquake
2018-01-16T19:45:36.903000+00:00;44.584;7.263;1.5;Saluzzo;earthquake
2018-01-16T18:34:04.017000+00:00;45.967;7.535;2.3;Aosta;earthquake
2018-01-16T18:13:21.352000+00:00;48.332;6.647;2.4;Épinal;earthquake
2018-01-16T16:16:01.001000+00:00;46.299;6.401;2.1;Thonon-les-Bains;quarry blast
2018-01-16T13:33:50.273000+00:00;45.414;6.368;1.6;Saint-Jean-de-Maurienne;earthquake
2018-01-16T13:15:08.962000+00:00;45.444;6.289;1.5;Saint-Jean-de-Maurienne;earthquake
2018-01-16T13:12:53.993000+00:00;45.445;6.284;1.7;Saint-Jean-de-Maurienne;earthquake
2018-01-16T13:08:28.844000+00:00;45.443;6.31;1.6;Saint-Jean-de-Maurienne;earthquake
2018-01-16T13:08:18.004000+00:00;45.42;6.335;1.9;Saint-Jean-de-Maurienne;earthquake
2018-01-16T13:01:59.580000+00:00;-4.477;143.954;5.8;Jayapura;None
2018-01-16T12:43:31.534000+00:00;48.152;8.801;2.3;Balingen;quarry blast
2018-01-16T10:15:07.803000+00:00;45.999;3.073;2.4;Riom;quarry blast
2018-01-16T08:52:15.347000+00:00;44.36;7.305;1.7;Cuneo;earthquake
2018-01-16T08:38:19.015000+00:00;45.355;6.435;1.4;Saint-Jean-de-Maurienne;earthquake
2018-01-16T08:24:06.816000+00:00;12.38;-89.695;4.7;Santa Tecla;None
2018-01-16T08:21:21.359000+00:00;43.21;5.963;2.1;Toulon;quarry blast
2018-01-16T07:48:51.819000+00:00;45.409;6.339;1.8;Saint-Jean-de-Maurienne;earthquake
2018-01-16T04:46:53.266000+00:00;45.409;6.378;1.5;Saint-Jean-de-Maurienne;earthquake
2018-01-16T03:37:55.194000+00:00;49.043;8.235;1.9;Karlsruhe;earthquake
2018-01-16T03:23:41.552000+00:00;49.064;8.224;2.5;Rheinstetten;earthquake
2018-01-16T01:53:04.082000+00:00;45.436;6.321;1.5;Saint-Jean-de-Maurienne;earthquake
2018-01-16T00:45:43.570000+00:00;44.478;7.0;1.3;Busca;earthquake
2018-01-16T00:36:56.125000+00:00;45.11;5.862;1.9;Grenoble;earthquake
2018-01-16T00:15:51.684000+00:00;46.276;7.39;1.8;Sion;earthquake
2018-01-16T00:14:16.543000+00:00;44.506;6.387;2.2;Gap;earthquake
2018-01-15T23:38:46.947000+00:00;43.032;0.066;1.8;Tarbes;earthquake
2018-01-15T14:53:27.717000+00:00;48.71;10.073;2.7;Aalen;quarry blast
2018-01-15T13:58:37.185000+00:00;45.413;6.368;1.5;Saint-Jean-de-Maurienne;earthquake
2018-01-15T13:49:07.864000+00:00;48.282;8.097;2.0;Gengenbach;quarry blast
2018-01-15T11:51:41.003000+00:00;38.957;-7.924;4.9;Évora;earthquake
2018-01-15T11:43:09.492000+00:00;45.018;6.987;1.7;Giaveno;earthquake
2018-01-15T11:37:09.113000+00:00;43.994;7.942;1.6;San Remo;earthquake
2018-01-15T11:20:58.201000+00:00;44.408;6.762;0.9;Gap;earthquake
2018-01-15T11:20:23.773000+00:00;44.138;8.094;1.8;Albenga;quarry blast
2018-01-15T11:11:00.713000+00:00;43.691;6.978;1.9;Grasse;quarry blast
2018-01-15T10:39:25.113000+00:00;45.875;7.02;1.5;Aosta;earthquake
2018-01-15T10:38:36.953000+00:00;46.603;4.789;2.4;Chalon-sur-Saône;quarry blast
2018-01-15T10:25:13.162000+00:00;46.052;7.948;2.0;Domodossola;earthquake
2018-01-15T10:14:19.956000+00:00;45.873;7.012;1.7;Aosta;earthquake
2018-01-15T09:01:19.982000+00:00;45.297;5.474;2.0;Voiron;quarry blast
2018-01-15T08:58:18.576000+00:00;45.95;7.512;2.3;Aosta;earthquake
2018-01-15T08:18:29.196000+00:00;-15.564;-178.663;4.8;Apia;None
2018-01-15T03:25:37.255000+00:00;45.387;6.406;1.1;Saint-Jean-de-Maurienne;earthquake
2018-01-15T01:08:36.831000+00:00;44.744;6.633;1.3;Gap;earthquake
2018-01-15T00:24:39.621000+00:00;44.177;6.712;1.6;Grasse;earthquake
2018-01-14T23:46:09.030000+00:00;43.047;-0.898;2.1;Billère;earthquake
2018-01-14T23:44:27.124000+00:00;45.428;6.365;1.5;Saint-Jean-de-Maurienne;earthquake
2018-01-14T23:26:16.620000+00:00;44.506;6.99;1.7;Busca;earthquake
2018-01-14T22:57:14.816000+00:00;46.317;7.49;2.6;Sion;earthquake
2018-01-14T22:26:17.864000+00:00;45.863;7.002;1.9;Aosta;earthquake
2018-01-14T22:14:52.506000+00:00;45.402;6.367;1.3;Saint-Jean-de-Maurienne;earthquake
2018-01-14T22:02:14.240000+00:00;44.742;6.646;1.9;Gap;earthquake
2018-01-14T21:55:36.118000+00:00;44.753;6.677;2.3;Briançon;earthquake
2018-01-14T21:54:30.749000+00:00;-4.638;144.811;5.5;Lae;None
2018-01-14T19:41:57.992000+00:00;25.652;123.742;5.2;Taipei;None
2018-01-14T19:11:36.171000+00:00;45.436;6.322;1.6;Saint-Jean-de-Maurienne;earthquake
2018-01-14T17:15:00.691000+00:00;45.438;6.318;1.4;Saint-Jean-de-Maurienne;earthquake
2018-01-14T16:58:41.544000+00:00;45.443;6.261;1.0;Saint-Jean-de-Maurienne;earthquake
2018-01-14T15:49:22.365000+00:00;15.174;122.508;5.3;Dinahican;None
2018-01-14T15:48:10.378000+00:00;12.444;92.225;4.9;Rangoon;None
2018-01-14T15:20:26.643000+00:00;13.67;120.737;5.1;Calatagan;None
2018-01-14T15:00:40.726000+00:00;45.434;6.273;1.2;Saint-Jean-de-Maurienne;earthquake
2018-01-14T12:15:23.139000+00:00;45.406;6.39;1.1;Saint-Jean-de-Maurienne;earthquake
2018-01-14T11:44:13.961000+00:00;45.471;6.239;1.1;Saint-Jean-de-Maurienne;earthquake
2018-01-14T11:40:30.379000+00:00;44.947;6.568;1.5;Briançon;earthquake
2018-01-14T10:45:25.367000+00:00;45.459;6.265;1.7;Saint-Jean-de-Maurienne;earthquake
2018-01-14T10:18:37.098000+00:00;44.736;6.613;2.3;Gap;earthquake
2018-01-14T09:18:42.968000+00:00;-15.614;-74.55;6.9;Ica;None
2018-01-14T09:18:22.087000+00:00;46.13;7.458;1.8;Sion;earthquake
2018-01-14T09:07:27.779000+00:00;41.704;143.605;4.9;Hachinohe;None
2018-01-14T07:21:04.053000+00:00;42.642;0.27;1.9;Lourdes;earthquake
2018-01-14T07:15:06.589000+00:00;42.61;0.434;1.3;Barbastro;earthquake
2018-01-14T06:56:27.863000+00:00;45.43;6.32;1.2;Saint-Jean-de-Maurienne;earthquake
2018-01-14T04:36:30.420000+00:00;44.543;6.802;0.9;Briançon;earthquake
2018-01-14T03:33:09.062000+00:00;44.485;6.687;0.6;Gap;earthquake
2018-01-14T01:02:03.001000+00:00;45.43;6.332;1.4;Saint-Jean-de-Maurienne;earthquake
2018-01-13T23:25:24.561000+00:00;44.385;6.861;0.9;Borgo San Dalmazzo;earthquake
2018-01-13T23:10:24.004000+00:00;44.442;7.434;0.6;Cuneo;earthquake
2018-01-13T23:00:47.597000+00:00;45.435;6.302;1.4;Saint-Jean-de-Maurienne;earthquake
2018-01-13T22:39:15.404000+00:00;46.14;7.72;1.5;Sierre;earthquake
2018-01-13T22:39:10.301000+00:00;45.437;6.311;1.1;Saint-Jean-de-Maurienne;earthquake
2018-01-13T22:08:52.096000+00:00;45.45;6.263;1.5;Saint-Jean-de-Maurienne;earthquake
2018-01-13T21:40:07.206000+00:00;45.439;6.316;1.4;Saint-Jean-de-Maurienne;earthquake
2018-01-13T21:27:18.296000+00:00;45.428;6.337;1.5;Saint-Jean-de-Maurienne;earthquake
2018-01-13T21:24:19.388000+00:00;45.419;6.387;1.5;Saint-Jean-de-Maurienne;earthquake
2018-01-13T21:09:21.896000+00:00;45.406;6.393;1.2;Saint-Jean-de-Maurienne;earthquake
2018-01-13T21:03:15.762000+00:00;44.345;6.614;1.2;Gap;earthquake
2018-01-13T20:58:41.166000+00:00;-5.407;143.661;4.9;Lae;None
2018-01-13T20:49:39.849000+00:00;45.405;6.391;1.2;Saint-Jean-de-Maurienne;earthquake
2018-01-13T19:36:56.010000+00:00;48.123;-5.477;3.5;Plouzané;earthquake
2018-01-13T19:04:05.179000+00:00;46.267;7.298;1.4;Sion;earthquake
2018-01-13T13:00:31.073000+00:00;45.429;6.332;1.1;Saint-Jean-de-Maurienne;earthquake
2018-01-13T12:56:38.911000+00:00;43.093;-0.11;1.1;Tarbes;earthquake
2018-01-13T12:32:06.231000+00:00;50.089;7.847;2.6;Bingen am Rhein;earthquake
2018-01-13T11:49:42.131000+00:00;45.438;6.326;1.6;Saint-Jean-de-Maurienne;earthquake
2018-01-13T11:24:37.561000+00:00;-11.079;162.913;5.4;Honiara;None
2018-01-13T11:19:26.527000+00:00;45.41;6.392;1.4;Saint-Jean-de-Maurienne;earthquake
2018-01-13T06:42:33.762000+00:00;50.096;7.797;2.4;Bingen am Rhein;earthquake
2018-01-13T06:29:59.165000+00:00;45.445;6.298;1.6;Saint-Jean-de-Maurienne;earthquake
2018-01-13T05:15:01.272000+00:00;45.45;6.281;1.5;Saint-Jean-de-Maurienne;earthquake
2018-01-13T05:12:16.353000+00:00;45.454;6.261;1.5;Saint-Jean-de-Maurienne;earthquake
2018-01-13T04:56:17.818000+00:00;44.14;7.211;2.2;Borgo San Dalmazzo;earthquake
2018-01-13T04:38:47.093000+00:00;50.078;7.943;2.4;Bingen am Rhein;earthquake
2018-01-13T01:57:04.052000+00:00;45.857;7.005;1.2;Aosta;earthquake
2018-01-12T22:59:57.280000+00:00;45.454;6.26;1.5;Saint-Jean-de-Maurienne;earthquake
2018-01-12T21:28:44.504000+00:00;45.424;6.331;1.5;Saint-Jean-de-Maurienne;earthquake
2018-01-12T19:32:17.116000+00:00;44.995;6.629;0.9;Briançon;earthquake
2018-01-12T18:39:27.096000+00:00;45.408;6.364;1.5;Saint-Jean-de-Maurienne;earthquake
2018-01-12T17:53:01.467000+00:00;45.406;6.39;1.3;Saint-Jean-de-Maurienne;earthquake
2018-01-12T17:33:09.214000+00:00;45.391;6.415;1.2;Saint-Jean-de-Maurienne;earthquake
2018-01-12T17:20:44.492000+00:00;45.43;6.313;1.7;Saint-Jean-de-Maurienne;earthquake
2018-01-12T15:23:57.083000+00:00;18.307;96.271;4.9;Bago;None
2018-01-12T14:52:15.024000+00:00;42.569;9.58;3.1;Bastia;earthquake
2018-01-12T13:51:56.652000+00:00;45.442;6.267;1.3;Saint-Jean-de-Maurienne;earthquake
2018-01-12T13:51:00.729000+00:00;48.411;8.681;1.9;Horb am Neckar;quarry blast
2018-01-12T13:39:30.517000+00:00;44.353;6.782;0.9;Digne-les-Bains;earthquake
2018-01-12T12:59:49.855000+00:00;-16.175;-174.326;5.4;Apia;None
2018-01-12T11:55:30.823000+00:00;44.442;8.454;2.0;Savona;quarry blast
2018-01-12T11:51:39.583000+00:00;43.526;6.563;2.0;Fréjus;quarry blast
2018-01-12T11:49:03.034000+00:00;48.587;8.192;1.7;Bühl;quarry blast
2018-01-12T11:37:29.445000+00:00;47.637;7.247;1.6;Mulhouse;quarry blast
2018-01-12T10:50:40.144000+00:00;-7.364;67.691;4.8;Male;None
2018-01-12T10:48:57.123000+00:00;48.407;6.921;1.8;Saint-Dié-des-Vosges;quarry blast
2018-01-12T10:43:45.033000+00:00;43.217;5.491;2.5;Marseille;quarry blast
2018-01-12T10:36:41.737000+00:00;44.999;3.157;1.8;Aurillac;earthquake
2018-01-12T10:35:48.678000+00:00;44.337;8.262;2.0;Savona;quarry blast
2018-01-12T10:28:23.168000+00:00;42.972;0.255;2.0;Tarbes;earthquake
2018-01-12T09:54:59.550000+00:00;44.354;7.896;1.7;Mondovì;quarry blast
2018-01-12T09:27:34.236000+00:00;44.448;6.75;1.8;Gap;earthquake
2018-01-12T08:28:40.977000+00:00;44.518;7.019;1.3;Busca;earthquake
2018-01-12T07:20:29.225000+00:00;43.089;-0.679;1.9;Pau;earthquake
2018-01-12T06:53:15.005000+00:00;45.408;6.375;1.4;Saint-Jean-de-Maurienne;earthquake
2018-01-12T05:57:52.101000+00:00;42.782;1.648;1.9;Andorra la Vella;earthquake
2018-01-12T05:52:12.124000+00:00;45.433;6.328;1.9;Saint-Jean-de-Maurienne;earthquake
2018-01-12T05:51:36.655000+00:00;45.43;6.329;1.9;Saint-Jean-de-Maurienne;earthquake
2018-01-12T05:50:44.686000+00:00;45.445;6.301;1.6;Saint-Jean-de-Maurienne;earthquake
2018-01-12T05:49:08.626000+00:00;45.439;6.316;1.7;Saint-Jean-de-Maurienne;earthquake
2018-01-12T05:48:38.402000+00:00;45.431;6.355;2.2;Saint-Jean-de-Maurienne;earthquake
2018-01-12T04:44:55.236000+00:00;45.427;6.317;1.5;Saint-Jean-de-Maurienne;earthquake
2018-01-12T03:40:53.710000+00:00;38.645;70.333;5.2;Kŭlob;None
2018-01-12T03:04:20.103000+00:00;45.433;6.324;1.6;Saint-Jean-de-Maurienne;earthquake
2018-01-12T02:31:46.655000+00:00;45.44;6.282;1.5;Saint-Jean-de-Maurienne;earthquake
2018-01-12T02:28:26.698000+00:00;45.418;6.328;1.7;Saint-Jean-de-Maurienne;earthquake
2018-01-12T02:20:36.741000+00:00;43.029;17.955;4.5;Mostar;earthquake
2018-01-12T02:12:12.004000+00:00;44.512;6.904;0.7;Luserna San Giovanni;earthquake
2018-01-12T01:45:26.910000+00:00;45.447;6.302;1.5;Saint-Jean-de-Maurienne;earthquake
2018-01-12T01:21:33.825000+00:00;45.425;6.325;2.0;Saint-Jean-de-Maurienne;earthquake
2018-01-12T00:50:43.815000+00:00;45.419;6.32;1.9;Saint-Jean-de-Maurienne;earthquake
2018-01-12T00:46:59.048000+00:00;45.463;6.25;1.6;Saint-Jean-de-Maurienne;earthquake
2018-01-12T00:31:54.552000+00:00;45.424;6.32;2.0;Saint-Jean-de-Maurienne;earthquake
2018-01-12T00:29:01.089000+00:00;45.431;6.329;2.2;Saint-Jean-de-Maurienne;earthquake
2018-01-12T00:17:40.332000+00:00;45.399;6.401;1.1;Saint-Jean-de-Maurienne;earthquake
2018-01-12T00:16:18.120000+00:00;45.441;6.326;1.5;Saint-Jean-de-Maurienne;earthquake
2018-01-12T00:10:27.701000+00:00;44.481;6.69;1.9;Gap;earthquake
2018-01-11T23:16:57.975000+00:00;45.418;6.331;2.0;Saint-Jean-de-Maurienne;earthquake
2018-01-11T22:57:08.931000+00:00;45.425;6.338;1.0;Saint-Jean-de-Maurienne;earthquake
2018-01-11T22:46:15.090000+00:00;45.452;6.274;1.1;Saint-Jean-de-Maurienne;earthquake
2018-01-11T19:41:23.095000+00:00;44.312;7.464;1.4;Cuneo;earthquake
2018-01-11T19:29:52.305000+00:00;46.928;7.409;1.4;Bern;earthquake
2018-01-11T19:01:09.331000+00:00;45.427;6.318;1.5;Saint-Jean-de-Maurienne;earthquake
2018-01-11T18:44:02.747000+00:00;18.786;95.987;5.5;Nay Pyi Taw;None
2018-01-11T18:42:58.145000+00:00;17.82;96.277;5.2;Rangoon;None
2018-01-11T18:26:25.484000+00:00;18.526;96.131;6.0;Nay Pyi Taw;None
2018-01-11T18:07:57.051000+00:00;48.006;6.546;1.5;Épinal;earthquake
2018-01-11T17:45:03.084000+00:00;44.408;7.269;0.6;Cuneo;earthquake
2018-01-11T17:08:03.661000+00:00;45.046;6.593;0.9;Briançon;earthquake
2018-01-11T16:05:33.084000+00:00;48.526;10.12;2.7;Giengen an der Brenz;quarry blast
2018-01-11T15:22:40.849000+00:00;44.654;6.979;1.5;Luserna San Giovanni;earthquake
2018-01-11T13:24:32.962000+00:00;44.655;6.98;1.5;Luserna San Giovanni;earthquake
2018-01-11T13:24:10.284000+00:00;44.652;6.973;1.3;Briançon;earthquake
2018-01-11T13:23:28.312000+00:00;44.656;6.975;1.7;Briançon;earthquake
2018-01-11T13:21:30.570000+00:00;46.215;7.554;1.4;Sion;earthquake
2018-01-11T13:16:01.036000+00:00;28.534;43.595;4.9;Buraydah;None
2018-01-11T12:50:07.696000+00:00;44.659;6.984;1.8;Luserna San Giovanni;earthquake
2018-01-11T11:58:21.095000+00:00;43.962;6.736;1.5;Grasse;quarry blast
2018-01-11T11:47:47.562000+00:00;43.47;6.632;2.1;Fréjus;quarry blast
2018-01-11T10:44:10.853000+00:00;47.523;8.221;1.9;Wettingen;quarry blast
2018-01-11T10:20:15.806000+00:00;46.125;3.494;2.3;Vichy;quarry blast
2018-01-11T09:46:11.088000+00:00;59.331;-30.817;4.9;Reykjavík;None
2018-01-11T09:22:57.112000+00:00;44.253;7.437;1.5;Cuneo;quarry blast
2018-01-11T09:19:55.678000+00:00;44.989;3.029;2.2;Aurillac;quarry blast
2018-01-11T09:04:17.562000+00:00;47.934;7.334;1.7;Wittenheim;earthquake
2018-01-11T09:01:56.120000+00:00;47.608;7.567;1.6;Basel;earthquake
2018-01-11T08:39:53.619000+00:00;43.191;5.98;2.2;Toulon;quarry blast
2018-01-11T06:59:31.506000+00:00;33.746;45.882;5.4;Baghdad;None
2018-01-11T05:54:11.504000+00:00;44.43;7.277;1.9;Cuneo;earthquake
2018-01-11T05:20:04.193000+00:00;44.21;6.337;1.8;Gap;earthquake
2018-01-11T04:58:52.295000+00:00;45.424;6.339;2.0;Saint-Jean-de-Maurienne;earthquake
2018-01-11T03:48:05.004000+00:00;42.641;13.255;3.9;"L&#39;Aquila";earthquake
2018-01-11T03:18:31.958000+00:00;30.792;57.301;4.9;Kermān;None
2018-01-11T01:15:32.238000+00:00;45.432;6.352;2.3;Saint-Jean-de-Maurienne;earthquake
2018-01-11T01:13:49.245000+00:00;45.421;6.347;1.7;Saint-Jean-de-Maurienne;earthquake
2018-01-11T01:12:14.658000+00:00;45.425;6.329;2.0;Saint-Jean-de-Maurienne;earthquake
2018-01-11T00:43:40.956000+00:00;23.573;126.817;5.2;Keelung;None
2018-01-10T23:20:28.210000+00:00;42.745;1.712;1.8;Andorra la Vella;earthquake
2018-01-10T23:03:29.528000+00:00;44.638;10.052;3.2;Salsomaggiore Terme;earthquake
2018-01-10T22:09:34.184000+00:00;42.495;1.089;1.7;Andorra la Vella;earthquake
2018-01-10T21:49:17.410000+00:00;45.432;6.319;1.7;Saint-Jean-de-Maurienne;earthquake
2018-01-10T15:56:18.611000+00:00;32.951;45.986;4.8;Ad Dīwānīyah;None
2018-01-10T14:34:05.367000+00:00;48.403;8.686;2.0;Horb am Neckar;quarry blast
2018-01-10T12:25:18.747000+00:00;48.162;8.8;2.1;Balingen;quarry blast
2018-01-10T11:40:49.565000+00:00;2.042;126.671;5.1;Manado;None
2018-01-10T10:52:32.243000+00:00;42.355;7.217;2.6;Hyères;earthquake
2018-01-10T10:51:38.919000+00:00;43.249;5.386;2.4;Marseille;quarry blast
2018-01-10T10:49:56.376000+00:00;48.425;6.872;1.7;Saint-Dié-des-Vosges;quarry blast
2018-01-10T10:45:44.708000+00:00;41.348;1.918;2.5;Sant Boi de Llobregat;quarry blast
2018-01-10T10:19:27.691000+00:00;49.351;8.871;2.4;Neckargemünd;quarry blast
2018-01-10T05:47:54.005000+00:00;45.426;6.32;1.4;Saint-Jean-de-Maurienne;earthquake
2018-01-10T05:05:38.536000+00:00;45.428;6.329;1.2;Saint-Jean-de-Maurienne;earthquake
2018-01-10T04:52:30.013000+00:00;47.471;8.301;0.7;Wettingen;earthquake
2018-01-10T02:51:32.721000+00:00;17.502;-83.546;7.0;Tocoa;None
2018-01-10T02:41:15.177000+00:00;45.424;6.336;1.7;Saint-Jean-de-Maurienne;earthquake
2018-01-09T23:50:10.426000+00:00;45.428;6.331;1.2;Saint-Jean-de-Maurienne;earthquake
2018-01-09T23:10:44.855000+00:00;42.575;2.36;1.1;Ceret;earthquake
2018-01-09T23:07:02.771000+00:00;45.951;7.433;1.6;Aosta;earthquake
2018-01-09T22:57:59.192000+00:00;44.368;6.904;1.1;Borgo San Dalmazzo;earthquake
2018-01-09T22:30:19.769000+00:00;35.627;141.135;5.4;Narita;None
2018-01-09T22:21:09.537000+00:00;37.521;139.25;5.0;Nagaoka;None
2018-01-09T22:10:39.549000+00:00;44.447;7.215;0.7;Cuneo;earthquake
2018-01-09T22:08:39.591000+00:00;43.075;-0.528;1.1;Pau;earthquake
2018-01-09T21:00:06.127000+00:00;45.429;6.333;1.2;Saint-Jean-de-Maurienne;earthquake
2018-01-09T13:43:42.226000+00:00;47.705;6.8;2.3;Belfort;quarry blast
2018-01-09T12:09:28.002000+00:00;48.439;8.718;2.1;Horb am Neckar;quarry blast
2018-01-09T11:11:51.484000+00:00;43.39;6.902;2.4;Antibes;explosion
2018-01-09T07:18:21.455000+00:00;45.409;6.286;2.1;Saint-Jean-de-Maurienne;earthquake
2018-01-09T06:20:17.043000+00:00;45.431;6.349;1.2;Saint-Jean-de-Maurienne;earthquake
2018-01-09T05:48:12.460000+00:00;44.071;7.238;2.0;Borgo San Dalmazzo;earthquake
2018-01-09T00:05:56.139000+00:00;1.548;-90.912;4.7;Puntarenas;None
2018-01-08T17:38:33.374000+00:00;1.572;-90.965;4.7;Puntarenas;None
2018-01-08T16:20:08.911000+00:00;36.144;2.635;4.3;Médéa;earthquake
2018-01-08T14:18:04.332000+00:00;49.144;8.981;2.4;Eppingen;quarry blast
2018-01-08T14:16:11.032000+00:00;45.432;6.346;2.5;Saint-Jean-de-Maurienne;earthquake
2018-01-08T14:15:21.805000+00:00;45.42;6.318;2.2;Saint-Jean-de-Maurienne;earthquake
2018-01-08T12:20:38.187000+00:00;45.41;6.316;2.4;Saint-Jean-de-Maurienne;earthquake
2018-01-08T12:03:05.674000+00:00;41.293;1.955;2.7;Cornellà de Llobregat;quarry blast
2018-01-08T11:04:39.206000+00:00;45.024;4.86;2.0;Valence;quarry blast
2018-01-08T09:22:09.299000+00:00;43.096;5.772;2.5;Toulon;quarry blast
2018-01-08T09:11:36.575000+00:00;46.345;7.528;1.7;Sion;earthquake
2018-01-08T08:34:56.083000+00:00;48.61;8.789;2.0;Herrenberg;quarry blast
2018-01-08T08:18:49.885000+00:00;46.932;10.137;2.9;Bludenz;earthquake
2018-01-08T02:39:39.086000+00:00;45.426;6.351;1.6;Saint-Jean-de-Maurienne;earthquake
2018-01-08T02:30:06.417000+00:00;45.434;6.338;1.8;Saint-Jean-de-Maurienne;earthquake
2018-01-08T00:22:11.987000+00:00;43.436;-0.62;1.5;Pau;earthquake
2018-01-07T22:44:48.815000+00:00;45.452;6.277;1.3;Saint-Jean-de-Maurienne;earthquake
2018-01-07T22:15:38.385000+00:00;45.454;6.289;1.2;Saint-Jean-de-Maurienne;earthquake
2018-01-07T21:37:19.003000+00:00;45.419;6.345;1.4;Saint-Jean-de-Maurienne;earthquake
2018-01-07T17:11:18.424000+00:00;46.583;3.078;2.1;Moulins;quarry blast
2018-01-07T13:22:59.999000+00:00;45.415;6.317;1.6;Saint-Jean-de-Maurienne;earthquake
2018-01-07T09:45:35.428000+00:00;42.527;-0.909;1.9;Huesca;earthquake
2018-01-07T07:55:31.172000+00:00;47.15;6.055;1.7;Besançon;quarry blast
2018-01-07T06:47:12.562000+00:00;24.727;94.82;5.8;Imphāl;None
2018-01-07T05:17:32.789000+00:00;43.772;7.151;0.7;Saint-Laurent-du-Var;quarry blast
2018-01-07T02:24:03.039000+00:00;54.995;165.801;5.6;Petropavlovsk-Kamchatskiy;None
2018-01-07T01:46:53.006000+00:00;46.474;7.01;1.9;Le Châtelard;earthquake
2018-01-07T01:10:30.578000+00:00;40.442;53.645;5.1;Balkanabat;None
2018-01-06T15:36:19.654000+00:00;46.389;7.105;1.6;Le Châtelard;earthquake
2018-01-06T15:22:10.430000+00:00;34.18;46.071;5.1;Kahrīz;None
2018-01-06T14:42:31.497000+00:00;42.658;-0.264;0.9;Huesca;earthquake
2018-01-06T13:45:27.361000+00:00;40.871;142.329;4.9;Aomori-shi;None
2018-01-06T13:23:59.787000+00:00;44.489;7.244;0.6;Busca;earthquake
2018-01-06T10:26:32.996000+00:00;0.167;99.081;5.5;Padang;None
2018-01-06T03:09:38.221000+00:00;44.873;6.782;0.6;Briançon;earthquake
2018-01-06T00:54:23.802000+00:00;46.169;6.947;1.8;Monthey;earthquake
2018-01-05T23:01:22.020000+00:00;44.629;8.419;2.1;Acqui Terme;earthquake
2018-01-05T22:41:22.060000+00:00;45.436;6.332;1.0;Saint-Jean-de-Maurienne;earthquake
2018-01-05T16:58:19.187000+00:00;43.116;-1.377;1.4;Burlata;earthquake
2018-01-05T16:57:04.914000+00:00;43.108;-1.391;1.9;Burlata;earthquake
2018-01-05T15:54:06.123000+00:00;35.4;140.146;5.4;Chiba-shi;None
2018-01-05T12:16:31.855000+00:00;48.2;8.821;2.3;Albstadt;quarry blast
2018-01-05T11:36:17.937000+00:00;47.621;7.265;2.2;Mulhouse;quarry blast
2018-01-05T11:25:50.581000+00:00;43.114;-1.005;1.8;Oloron-Sainte-Marie;quarry blast
2018-01-05T09:55:53.755000+00:00;44.287;7.345;1.8;Cuneo;earthquake
2018-01-05T02:27:29.290000+00:00;43.659;7.975;2.3;San Remo;earthquake
2018-01-05T00:52:29.433000+00:00;48.03;5.548;2.6;Chaumont;earthquake
2018-01-04T22:45:47.861000+00:00;47.283;8.296;2.1;Wohlen;earthquake
2018-01-04T22:20:50.181000+00:00;44.089;7.114;1.8;Carros;earthquake
2018-01-04T16:27:10.242000+00:00;44.547;8.399;2.3;Acqui Terme;earthquake
2018-01-04T13:24:19.835000+00:00;44.534;8.366;2.3;Acqui Terme;earthquake
2018-01-04T13:24:09.649000+00:00;44.494;8.402;1.8;Savona;earthquake
2018-01-04T12:40:49.865000+00:00;44.527;8.373;2.3;Acqui Terme;earthquake
2018-01-04T12:33:13.363000+00:00;44.545;8.369;1.9;Acqui Terme;earthquake
2018-01-04T12:30:30.678000+00:00;44.506;8.385;2.2;Savona;earthquake
2018-01-04T12:22:52.055000+00:00;44.527;8.374;2.2;Acqui Terme;earthquake
2018-01-04T12:05:04.520000+00:00;44.528;8.383;2.3;Acqui Terme;earthquake
2018-01-04T10:59:36.589000+00:00;44.524;8.376;2.3;Acqui Terme;earthquake
2018-01-04T10:46:13.939000+00:00;42.795;19.836;5.1;Podgorica;None
2018-01-04T10:08:22.307000+00:00;41.306;1.919;2.8;Sant Boi de Llobregat;quarry blast
2018-01-04T08:59:07.035000+00:00;43.139;5.957;2.5;Toulon;quarry blast
2018-01-04T04:36:23.360000+00:00;44.581;7.233;2.2;Saluzzo;earthquake
2018-01-03T21:30:24.455000+00:00;29.785;140.382;5.2;Fujieda;None
2018-01-03T18:58:21.051000+00:00;48.233;7.592;2.2;Sélestat;earthquake
2018-01-03T18:02:32.984000+00:00;46.022;6.912;2.5;Sallanches;earthquake
2018-01-03T14:50:53.918000+00:00;42.408;2.315;2.2;Olot;earthquake
2018-01-03T12:21:31.338000+00:00;12.175;143.768;5.3;Dededo Village;None
2018-01-03T07:07:58.636000+00:00;44.462;6.696;1.7;Gap;earthquake
2018-01-03T06:07:42.902000+00:00;47.329;6.47;2.7;Montbéliard;earthquake
2018-01-03T05:05:46.778000+00:00;47.26;6.612;2.5;La Chaux-de-Fonds;earthquake
2018-01-03T05:02:51.645000+00:00;44.122;7.333;1.2;Cuneo;earthquake
2018-01-03T04:58:54.872000+00:00;47.323;6.557;2.7;Montbéliard;earthquake
2018-01-03T04:13:00.069000+00:00;28.928;57.496;4.9;Kermān;None
2018-01-03T03:51:38.641000+00:00;43.665;7.48;2.1;Monaco;earthquake
2018-01-03T03:26:50.348000+00:00;45.176;6.506;2.0;Briançon;earthquake
2018-01-03T01:45:24.796000+00:00;47.328;6.512;2.4;Montbéliard;earthquake
2018-01-03T01:23:26.741000+00:00;47.311;6.539;2.7;Valentigney;earthquake
2018-01-02T20:59:40.475000+00:00;36.486;2.658;5.0;Médéa;None
2018-01-02T14:59:24.460000+00:00;46.641;8.557;2.5;Sarnen;earthquake
2018-01-02T13:18:26.657000+00:00;43.093;-0.421;1.5;Pau;quarry blast
2018-01-02T12:55:23.943000+00:00;8.014;125.136;5.2;Valencia;None
2018-01-02T11:28:30.042000+00:00;49.637;7.881;2.3;Eisenberg;quarry blast
2018-01-02T11:16:14.410000+00:00;46.103;6.878;2.8;Cluses;earthquake
2018-01-02T11:10:02.545000+00:00;49.001;8.591;2.3;Karlsruhe;quarry blast
2018-01-02T08:37:17.721000+00:00;43.099;-1.036;1.8;Oloron-Sainte-Marie;earthquake
2018-01-02T07:55:11.942000+00:00;43.037;-0.774;2.0;Pau;earthquake
2018-01-02T06:50:41.988000+00:00;42.787;5.443;2.8;Toulon;earthquake
2018-01-02T06:20:18.744000+00:00;44.366;6.721;1.3;Gap;earthquake
2018-01-02T05:22:11.482000+00:00;47.313;6.549;2.2;Valentigney;earthquake
2018-01-02T05:21:52.717000+00:00;47.319;6.555;2.1;Montbéliard;earthquake
2018-01-02T02:16:21.833000+00:00;-38.608;46.429;4.7;Durban;None
2018-01-01T21:22:48.168000+00:00;43.609;7.872;2.4;San Remo;earthquake
2018-01-01T17:03:42.298000+00:00;40.753;-137.059;4.9;Eureka;None
2018-01-01T16:26:22.599000+00:00;45.429;6.31;2.2;Saint-Jean-de-Maurienne;earthquake
2018-01-01T16:24:18.944000+00:00;45.417;6.302;2.3;Saint-Jean-de-Maurienne;earthquake
2018-01-01T16:22:41.025000+00:00;45.417;6.299;2.6;Saint-Jean-de-Maurienne;earthquake
2018-01-01T10:27:23.110000+00:00;43.05;-0.323;1.9;Pau;earthquake
2018-01-01T10:18:21.624000+00:00;43.028;-0.333;1.9;Lourdes;earthquake
2018-01-01T09:40:54.921000+00:00;45.443;6.309;2.0;Saint-Jean-de-Maurienne;earthquake
2018-01-01T09:25:01.807000+00:00;38.142;-30.228;5.1;Ponta Delgada;None
2018-01-01T07:40:57.217000+00:00;45.414;6.295;2.1;Saint-Jean-de-Maurienne;earthquake
2018-01-01T07:26:50.643000+00:00;45.451;6.255;1.7;Saint-Jean-de-Maurienne;earthquake
2018-01-01T07:25:53.743000+00:00;-4.594;102.457;5.3;Palembang;None
2018-01-01T02:21:15.247000+00:00;44.29;7.332;1.1;Cuneo;earthquake
2018-01-01T02:07:24.608000+00:00;44.684;6.723;1.7;Briançon;earthquake
2018-01-01T01:17:41.525000+00:00;45.442;6.383;2.6;Albertville;earthquake
